company,name,dept_title,event_title,event_date,event_url,status
,,,データ爆発時代に備える。効果的なデータストレージの活用に関する調査,2026-05-13,https://www.sbbit.jp/eventinfo/detail/88828,登壇者情報なし
『ディープラーニングG検定 最強の合格問題集』著者,ヤン ジャクリン,株式会社GRI データ分析官・講師,G検定最強の合格講座2026 生成AI技術基礎編,2026-03-01,https://www.sbbit.jp/eventinfo/detail/88661,OK
『ディープラーニングG検定 最強の合格問題集』著者,ヤン ジャクリン,株式会社GRI データ分析官・講師,G検定最強の合格講座2026 AI法務倫理編,2026-03-01,https://www.sbbit.jp/eventinfo/detail/88050,OK
,,,Gemini実務完全攻略講座,2026-05-14,https://www.sbbit.jp/eventinfo/detail/88510,登壇者情報なし
,稲田 豊史,,オンデマンド Z世代攻略 実践講座 ,2026-01-20,https://www.sbbit.jp/eventinfo/detail/87567,OK
森・濱田松本法律事務所,篠原 孝典,パートナー,【オンデマンド】保険業法改正と金融行政の最新動向 比較推奨・便宜供与・顧客本位の運営とデジタル化の行方,2025-12-16,https://www.sbbit.jp/fj/eventinfo/detail/87892,OK
NTTドコモビジネス株式会社,林 雅之,エバンジェリスト （イノベーションセンター IOWN推進室所属） 国際大学GLOCOM客員研究員,オンデマンド講座：次世代デジタルインフラ IOWN 徹底解説,2026-01-14,https://www.sbbit.jp/eventinfo/detail/87552,OK
,,,データ爆発時代に備える。効果的なデータストレージの活用に関する調査,2026-05-13,https://www.sbbit.jp/eventinfo/detail/88825,登壇者情報なし
一般社団法人日本暗号資産等取引業協会（JVCEA） 会長,小田 玄紀,SBIホールディングス株式会社常務執行役員,オンデマンド デジタル金融資産新規事業開発講座,2026-01-16,https://www.sbbit.jp/fj/eventinfo/detail/87566,OK
株式会社Ginco,川口 知宏,CSO (最高戦略責任者),オンデマンド デジタル金融資産新規事業開発講座,2026-01-16,https://www.sbbit.jp/fj/eventinfo/detail/87566,OK
,,,ChatGPT超活用講座,2026-05-14,https://www.sbbit.jp/eventinfo/detail/88512,登壇者情報なし
,,,Claude超活用講座,2026-05-14,https://www.sbbit.jp/eventinfo/detail/88511,登壇者情報なし
,,,,2026-05-22,https://www.sbbit.jp/eventinfo/detail/88827,登壇者情報なし
慶應義塾大学大学院,岸 博幸,メディアデザイン研究科 教授,【見逃し配信】中堅中小企業・スタートアップDX&AIカンファレンス 2026 夏 REPLAY,2026-06-18,https://www.sbbit.jp/eventinfo/detail/89334,OK
経済産業省,佐藤 公平,商務情報政策局 情報技術利用促進課 課長補佐,【見逃し配信】中堅中小企業・スタートアップDX&AIカンファレンス 2026 夏 REPLAY,2026-06-18,https://www.sbbit.jp/eventinfo/detail/89334,OK
一般社団法人日本デジタルトランスフォーメーション推進協会,森戸 裕一,代表理事,【見逃し配信】中堅中小企業・スタートアップDX&AIカンファレンス 2026 夏 REPLAY,2026-06-18,https://www.sbbit.jp/eventinfo/detail/89334,OK
Ｓｋｙ株式会社,福見 英敏,ICTソリューション事業本部 営業部 営業次長,【見逃し配信】中堅中小企業・スタートアップDX&AIカンファレンス 2026 夏 REPLAY,2026-06-18,https://www.sbbit.jp/eventinfo/detail/89334,OK
デル・テクノロジーズ株式会社,佐々木 邦彦,レベニューオペレーション統括本部 プロダクトマーケティング 部長,【見逃し配信】中堅中小企業・スタートアップDX&AIカンファレンス 2026 夏 REPLAY,2026-06-18,https://www.sbbit.jp/eventinfo/detail/89334,OK
株式会社SmartHR,森田 葉月,ブランディング統括本部,【見逃し配信】中堅中小企業・スタートアップDX&AIカンファレンス 2026 夏 REPLAY,2026-06-18,https://www.sbbit.jp/eventinfo/detail/89334,OK
Sansan株式会社,對馬 睦,Bill One事業部 マーケティング部 オフラインプロモーショングループ マネジャー,【見逃し配信】中堅中小企業・スタートアップDX&AIカンファレンス 2026 夏 REPLAY,2026-06-18,https://www.sbbit.jp/eventinfo/detail/89334,OK
慶應義塾大学,田中 宗,理工学部物理情報工学科,量子コンピューティング最前線 ―研究・産業・法務の視点からみる量子技術の可能性とリスク ―,2026-06-29,https://www.sbbit.jp/eventinfo/detail/89360,OK
デロイト トーマツ グループ,寺部 雅能,量子技術統括,量子コンピューティング最前線 ―研究・産業・法務の視点からみる量子技術の可能性とリスク ―,2026-06-29,https://www.sbbit.jp/eventinfo/detail/89360,OK
創・佐藤法律事務所,水嶋 優,弁護士,量子コンピューティング最前線 ―研究・産業・法務の視点からみる量子技術の可能性とリスク ―,2026-06-29,https://www.sbbit.jp/eventinfo/detail/89360,OK
,,,経理財務DXの実装最前線,2026-06-19,https://www.sbbit.jp/eventinfo/detail/89374,登壇者情報なし
ISACA名古屋支部,花田 経子,慶應義塾大学大学院 メディアデザイン研究科附属 メディアデザイン研究所 所員,【見逃し配信】Security Management Conference Roadshow 2026 Spring 名古屋 REPLAY,2026-06-22,https://www.sbbit.jp/eventinfo/detail/89272,OK
株式会社デンソー,平永 敬一郎,情報セキュリティ推進部 製品セキュリティ室長 SOMRIE®セキュリティスペシャリスト シニア,【見逃し配信】Security Management Conference Roadshow 2026 Spring 名古屋 REPLAY,2026-06-22,https://www.sbbit.jp/eventinfo/detail/89272,OK
野球評論家,川上 憲伸,,【見逃し配信】Security Management Conference Roadshow 2026 Spring 名古屋 REPLAY,2026-06-22,https://www.sbbit.jp/eventinfo/detail/89272,OK
【聞き手】,いがらし あみ,フリーアナウンサー,【見逃し配信】Security Management Conference Roadshow 2026 Spring 名古屋 REPLAY,2026-06-22,https://www.sbbit.jp/eventinfo/detail/89272,OK
株式会社エーアイセキュリティラボ,阿部 一真,事業企画部 ディレクター,【見逃し配信】Security Management Conference Roadshow 2026 Spring 名古屋 REPLAY,2026-06-22,https://www.sbbit.jp/eventinfo/detail/89272,OK
株式会社ＮＳＤ,平木 裕二,ソリューションビジネス営業部 課長,【見逃し配信】Security Management Conference Roadshow 2026 Spring 名古屋 REPLAY,2026-06-22,https://www.sbbit.jp/eventinfo/detail/89272,OK
NTTドコモビジネス株式会社,稲垣 ゆう,M&S部セキュリティサービス部門 （共同協賛：パロアルトネットワークス株式会社、 ネットワンパートナーズ株式会社）,【見逃し配信】Security Management Conference Roadshow 2026 Spring 名古屋 REPLAY,2026-06-22,https://www.sbbit.jp/eventinfo/detail/89272,OK
国立大学法人奈良先端科学技術大学院大学,林 優一,先端科学技術研究科 教授,【見逃し配信】Security Management Conference Roadshow 2026 Spring 大阪 REPLAY,2026-06-29,https://www.sbbit.jp/eventinfo/detail/89340,OK
パナソニック ホールディングス株式会社,松本 哲也,サイバーセキュリティ統括室(兼)製品セキュリティセンター,【見逃し配信】Security Management Conference Roadshow 2026 Spring 大阪 REPLAY,2026-06-29,https://www.sbbit.jp/eventinfo/detail/89340,OK
野球評論家、元阪神監督、近鉄ヘッドコーチ,真弓 明信,,【見逃し配信】Security Management Conference Roadshow 2026 Spring 大阪 REPLAY,2026-06-29,https://www.sbbit.jp/eventinfo/detail/89340,OK
【聞き手】,市川 いずみ,フリーアナウンサー／ピラティストレーナー,【見逃し配信】Security Management Conference Roadshow 2026 Spring 大阪 REPLAY,2026-06-29,https://www.sbbit.jp/eventinfo/detail/89340,OK
株式会社ＮＳＤ,平木 裕二,ソリューションビジネス営業部 課長,【見逃し配信】Security Management Conference Roadshow 2026 Spring 大阪 REPLAY,2026-06-29,https://www.sbbit.jp/eventinfo/detail/89340,OK
NTTドコモビジネス株式会社,稲垣 ゆう,M&S部セキュリティサービス部門 （共同協賛：パロアルトネットワークス株式会社、ネットワンパートナーズ株式会社）,【見逃し配信】Security Management Conference Roadshow 2026 Spring 大阪 REPLAY,2026-06-29,https://www.sbbit.jp/eventinfo/detail/89340,OK
愛知県,中谷 純之,デジタル戦略監（CDO、CAIO）,【見逃し配信】DX&AI Forum 2026 Spring 名古屋 REPLAY,2026-06-22,https://www.sbbit.jp/eventinfo/detail/89231,OK
名古屋鉄道株式会社,三田 優作,ＤＸ・マーケティング部　アシスタントマネージャー,【見逃し配信】DX&AI Forum 2026 Spring 名古屋 REPLAY,2026-06-22,https://www.sbbit.jp/eventinfo/detail/89231,OK
株式会社SmartHR,永田 麻希,ブランディング統括本部,【見逃し配信】DX&AI Forum 2026 Spring 名古屋 REPLAY,2026-06-22,https://www.sbbit.jp/eventinfo/detail/89231,OK
PTCジャパン株式会社,空 剛史,ソリューションズコンサルティング ディレクター,【見逃し配信】DX&AI Forum 2026 Spring 名古屋 REPLAY,2026-06-22,https://www.sbbit.jp/eventinfo/detail/89231,OK
株式会社エーアイセキュリティラボ,阿部 一真,事業企画部　ディレクター,【見逃し配信】DX&AI Forum 2026 Spring 名古屋 REPLAY,2026-06-22,https://www.sbbit.jp/eventinfo/detail/89231,OK
Sansan株式会社,仲井 静音,Sansan事業部 マーケティング部リードジェネレーション1グループ シニアマネジャー,【見逃し配信】DX&AI Forum 2026 Spring 名古屋 REPLAY,2026-06-22,https://www.sbbit.jp/eventinfo/detail/89231,OK
総務省,中村 公洋,サイバーセキュリティ統括官室 参事官補佐,【見逃し配信】Security Management Conference Roadshow 2026 Spring 東京 REPLAY,2026-06-29,https://www.sbbit.jp/eventinfo/detail/89435,OK
東京海上ホールディングス株式会社,嶋谷 巧,IT企画部サイバーセキュリティグループ マネージャー,【見逃し配信】Security Management Conference Roadshow 2026 Spring 東京 REPLAY,2026-06-29,https://www.sbbit.jp/eventinfo/detail/89435,OK
株式会社エーアイセキュリティラボ,阿部 一真,事業企画部 ディレクター,【見逃し配信】Security Management Conference Roadshow 2026 Spring 東京 REPLAY,2026-06-29,https://www.sbbit.jp/eventinfo/detail/89435,OK
株式会社ＮＳＤ,平木 裕二,ソリューションビジネス営業部 課長,【見逃し配信】Security Management Conference Roadshow 2026 Spring 東京 REPLAY,2026-06-29,https://www.sbbit.jp/eventinfo/detail/89435,OK
株式会社マクニカ,菊井 麻衣 氏（共同協賛：CyberArk Software株式会社）,ネットワークスカンパニー セキュリティソリューション技術統括部 Identity Security Engineer,【見逃し配信】Security Management Conference Roadshow 2026 Spring 東京 REPLAY,2026-06-29,https://www.sbbit.jp/eventinfo/detail/89435,OK
東京大学人工物工学研究センター,山川 宏,松尾・岩澤研究室 主幹研究員,【見逃し配信】Security Management Conference Roadshow 2026 Spring 東京 REPLAY,2026-06-29,https://www.sbbit.jp/eventinfo/detail/89435,OK
【モデレーター】,森本 智子,フリーアナウンサー、経営者,【見逃し配信】Security Management Conference Roadshow 2026 Spring 東京 REPLAY,2026-06-29,https://www.sbbit.jp/eventinfo/detail/89435,OK
大阪府スマートシティ戦略部,市瀬 英夫,最高デジタル責任者（CDO) 兼 スマートシティ戦略部 部長,【見逃し配信】DX&AI Forum 2026 Spring 大阪 REPLAY,2026-06-29,https://www.sbbit.jp/eventinfo/detail/89341,OK
元大阪府知事,橋下 徹,,【見逃し配信】DX&AI Forum 2026 Spring 大阪 REPLAY,2026-06-29,https://www.sbbit.jp/eventinfo/detail/89341,OK
オムロン株式会社,伊藤 卓也,グローバルビジネスプロセス&ＩＴ革新本部 デジタル戦略構築部 部長,【見逃し配信】DX&AI Forum 2026 Spring 大阪 REPLAY,2026-06-29,https://www.sbbit.jp/eventinfo/detail/89341,OK
サッポロホールディングス株式会社,山下 春来,DX企画部,【見逃し配信】DX&AI Forum 2026 Spring 大阪 REPLAY,2026-06-29,https://www.sbbit.jp/eventinfo/detail/89341,OK
京セラ株式会社,國分 洋輔,機械工具事業本部 グローバルマーケティング部,【見逃し配信】DX&AI Forum 2026 Spring 大阪 REPLAY,2026-06-29,https://www.sbbit.jp/eventinfo/detail/89341,OK
大日本印刷株式会社,田中 学,情報イノベーション事業部 マーケティングセンター デジタルマーケティング本部 ソリューション企画開発部,【見逃し配信】DX&AI Forum 2026 Spring 大阪 REPLAY,2026-06-29,https://www.sbbit.jp/eventinfo/detail/89341,OK
株式会社SmartHR,永田 麻希,ブランディング統括本部,【見逃し配信】DX&AI Forum 2026 Spring 大阪 REPLAY,2026-06-29,https://www.sbbit.jp/eventinfo/detail/89341,OK
株式会社SIGNATE,宇那木 涼介,大阪ブランチ シニアアカウントエグゼクティブ,【見逃し配信】DX&AI Forum 2026 Spring 大阪 REPLAY,2026-06-29,https://www.sbbit.jp/eventinfo/detail/89341,OK
Sansan株式会社,吉岡 真弘,Sansan事業部SMB第1アカウントマネジメント部 兼 SMB第2アカウントマネジメント部 シニアマネジャー,【見逃し配信】DX&AI Forum 2026 Spring 大阪 REPLAY,2026-06-29,https://www.sbbit.jp/eventinfo/detail/89341,OK
株式会社kickflow,井領 明広,ビジネス本部 SaaSエバンジェリスト,【見逃し配信】DX&AI Forum 2026 Spring 大阪 REPLAY,2026-06-29,https://www.sbbit.jp/eventinfo/detail/89341,OK
国立情報学研究所,石川 冬樹,アーキテクチャ科学研究系 教授,【見逃し配信】AI-Driven Development Conference Online 2026 夏 REPLAY,2026-07-01,https://www.sbbit.jp/eventinfo/detail/89522,OK
株式会社日本総合研究所,伊藤 蓮,先端技術ラボ AIスペシャリスト,【見逃し配信】AI-Driven Development Conference Online 2026 夏 REPLAY,2026-07-01,https://www.sbbit.jp/eventinfo/detail/89522,OK
株式会社エーアイセキュリティラボ,関根 鉄平,執行役員,【見逃し配信】AI-Driven Development Conference Online 2026 夏 REPLAY,2026-07-01,https://www.sbbit.jp/eventinfo/detail/89522,OK
レッドハット株式会社,北村 慎太郎,技術営業本部　シニア・スペシャリスト・ソリューションアーキテクト,【見逃し配信】AI-Driven Development Conference Online 2026 夏 REPLAY,2026-07-01,https://www.sbbit.jp/eventinfo/detail/89522,OK
東京エレクトロン デバイス株式会社,辻野 三郎,クラウドIoTカンパニー エッジクラウドソリューション部 部長代理,【見逃し配信】AI-Driven Development Conference Online 2026 夏 REPLAY,2026-07-01,https://www.sbbit.jp/eventinfo/detail/89522,OK
株式会社日立製作所,小川 秀人,研究開発グループ 主管研究長,【見逃し配信】AI-Driven Development Conference Online 2026 夏 REPLAY,2026-07-01,https://www.sbbit.jp/eventinfo/detail/89522,OK
京都産業大学,秋山 豊和,情報理工学部 情報理工学科 教授,【見逃し配信】IDaaS・顧客ID管理の最前線セミナー 2026 REPLAY,2026-07-03,https://www.sbbit.jp/eventinfo/detail/89544,OK
NTTドコモビジネスX株式会社,藤井 亮,CXソリューション部,【見逃し配信】IDaaS・顧客ID管理の最前線セミナー 2026 REPLAY,2026-07-03,https://www.sbbit.jp/eventinfo/detail/89544,OK
HENNGE株式会社,豊田 龍彦,Corporate Communication Division Marketing Section,【見逃し配信】IDaaS・顧客ID管理の最前線セミナー 2026 REPLAY,2026-07-03,https://www.sbbit.jp/eventinfo/detail/89544,OK
慶應義塾大学,栗原 聡,理工学部・教授／人工知能学会・会長,【見逃し配信】生成AI フォーラム / AI エージェント フォーラム 2026 夏 REPLAY,2026-07-08,https://www.sbbit.jp/eventinfo/detail/89589,OK
参議院議員・AIエンジニア・SF作家,安野 貴博,,【見逃し配信】生成AI フォーラム / AI エージェント フォーラム 2026 夏 REPLAY,2026-07-08,https://www.sbbit.jp/eventinfo/detail/89589,OK
Google Cloud Japan,福井 順一,AI Marketing Specialist,【見逃し配信】生成AI フォーラム / AI エージェント フォーラム 2026 夏 REPLAY,2026-07-08,https://www.sbbit.jp/eventinfo/detail/89589,OK
ソフトバンク株式会社,西原 万純,グループASI戦略本部 法人ASI推進統括部 統括部長,【見逃し配信】生成AI フォーラム / AI エージェント フォーラム 2026 夏 REPLAY,2026-07-08,https://www.sbbit.jp/eventinfo/detail/89589,OK
株式会社ZOZO,瀬尾 直利,執行役員 兼 CTO,【見逃し配信】生成AI フォーラム / AI エージェント フォーラム 2026 夏 REPLAY,2026-07-08,https://www.sbbit.jp/eventinfo/detail/89589,OK
JALデジタル株式会社 兼 日本航空株式会社,山脇 学,デジタルマネジメント部 AI・データ改革推進グループ グループ長,【見逃し配信】生成AI フォーラム / AI エージェント フォーラム 2026 夏 REPLAY,2026-07-08,https://www.sbbit.jp/eventinfo/detail/89589,OK
損害保険ジャパン株式会社,眞方 篤史,DX推進部 チーフエンジニア,【見逃し配信】生成AI フォーラム / AI エージェント フォーラム 2026 夏 REPLAY,2026-07-08,https://www.sbbit.jp/eventinfo/detail/89589,OK
Pendo. io Japan株式会社,小川 祐希,シニアセールスエンジニア,【見逃し配信】生成AI フォーラム / AI エージェント フォーラム 2026 夏 REPLAY,2026-07-08,https://www.sbbit.jp/eventinfo/detail/89589,OK
パーソルクロステクノロジー株式会社,成田 泰之,エンタープライズソリューション統括本部 ストラテジーサービス本部 ES営業部 エキスパート （共同協賛：パーソルホールディングス株式会社）,【見逃し配信】生成AI フォーラム / AI エージェント フォーラム 2026 夏 REPLAY,2026-07-08,https://www.sbbit.jp/eventinfo/detail/89589,OK
株式会社ＮＳＤ,松見 秀和,営業戦略部 課長,【見逃し配信】生成AI フォーラム / AI エージェント フォーラム 2026 夏 REPLAY,2026-07-08,https://www.sbbit.jp/eventinfo/detail/89589,OK
アドビ株式会社,横堀 直和,デジタルメディア事業本部コーポレート営業部 ソリューションコンサルタント,【見逃し配信】生成AI フォーラム / AI エージェント フォーラム 2026 夏 REPLAY,2026-07-08,https://www.sbbit.jp/eventinfo/detail/89589,OK
エムオーテックス株式会社,北 章希,サイバーセキュリティ本部アセスメント2部ペンテスト課　アソシエイト,【見逃し配信】生成AI フォーラム / AI エージェント フォーラム 2026 夏 REPLAY,2026-07-08,https://www.sbbit.jp/eventinfo/detail/89589,OK
ナイスジャパン株式会社,島田 宏巌,セールスディレクター,【見逃し配信】生成AI フォーラム / AI エージェント フォーラム 2026 夏 REPLAY,2026-07-08,https://www.sbbit.jp/eventinfo/detail/89589,OK
株式会社ドリーム・アーツ,磯邊 沙奈,プロモーション＆ブランディング本部,【見逃し配信】生成AI フォーラム / AI エージェント フォーラム 2026 夏 REPLAY,2026-07-08,https://www.sbbit.jp/eventinfo/detail/89589,OK
株式会社 日本HP,日笠 修,マーケティング本部 コマーシャル マーケティング 部長,【見逃し配信】生成AI フォーラム / AI エージェント フォーラム 2026 夏 REPLAY,2026-07-08,https://www.sbbit.jp/eventinfo/detail/89589,OK
一般社団法人AICX協会,小澤 健祐,代表理事,【見逃し配信】生成AI フォーラム / AI エージェント フォーラム 2026 夏 REPLAY,2026-07-08,https://www.sbbit.jp/eventinfo/detail/89589,OK
,,,,2026-07-16,https://www.sbbit.jp/eventinfo/detail/89309,登壇者情報なし
,,,東京・大阪・オンライン,2026-07-15,https://www.sbbit.jp/eventinfo/detail/89132,登壇者情報なし
,,,,2026-07-17,https://www.sbbit.jp/eventinfo/detail/89268,登壇者情報なし
,,,,2026-07-17,https://www.sbbit.jp/eventinfo/detail/89664,登壇者情報なし
,,,,2026-07-17,https://www.sbbit.jp/eventinfo/detail/89403,登壇者情報なし
,,,,2026-07-17,https://www.sbbit.jp/eventinfo/detail/89199,登壇者情報なし
,,,,2026-07-17,https://www.sbbit.jp/eventinfo/detail/89546,登壇者情報なし
早稲田大学大学院,長内 厚,経営管理研究科教授,ものづくりDX&AI フォーラム 2026 夏 東京,2026-07-17,https://www.sbbit.jp/st/eventinfo/detail/88481,OK
日産自動車株式会社,守屋 岳志,生産技術研究開発センター エキスパートリーダー,ものづくりDX&AI フォーラム 2026 夏 東京,2026-07-17,https://www.sbbit.jp/st/eventinfo/detail/88481,OK
株式会社NTTデータ イントラマート,七島 泰介,エバンジェリスト,ものづくりDX&AI フォーラム 2026 夏 東京,2026-07-17,https://www.sbbit.jp/st/eventinfo/detail/88481,OK
カナデビア株式会社,折橋 正俊,ICT推進本部 企業DX推進部 カスタマーDX・BPM推進グループ 主管技師 Registered Scrum Master® IMUG STAR 2023,ものづくりDX&AI フォーラム 2026 夏 東京,2026-07-17,https://www.sbbit.jp/st/eventinfo/detail/88481,OK
Sansan株式会社,吉澤 ちひろ,Bill One事業部 マーケティング部 オフラインプロモーショングループ アシスタントマネジャー,ものづくりDX&AI フォーラム 2026 夏 東京,2026-07-17,https://www.sbbit.jp/st/eventinfo/detail/88481,OK
,,,,2026-07-17,https://www.sbbit.jp/eventinfo/detail/89292,登壇者情報なし
,,,,2026-07-17,https://www.sbbit.jp/eventinfo/detail/88469,登壇者情報なし
ふくおかフィナンシャルグループ,武重 太郎,執行役員 DX推進本部長（CDO） 福岡銀行兼務,金融DX&AIフォーラム 2026 夏 東京,2026-07-17,https://www.sbbit.jp/fj/eventinfo/detail/88743,OK
特定非営利活動法人金融IT協会,砂田 浩行,セキュリティ民主化WG長代行 （アビームコンサルティング株式会社　AI & Technology Modernization Business Unit Advanced Cloud Technology Sector　Director）,金融DX&AIフォーラム 2026 夏 東京,2026-07-17,https://www.sbbit.jp/fj/eventinfo/detail/88743,OK
特定非営利活動法人金融IT協会,ザナシル アマル,セキュリティ民主化WG　委員 （株式会社ラック　次世代サイバー技術開発本部　サイバーセキュリティプラットフォーム開発部　副部長）,金融DX&AIフォーラム 2026 夏 東京,2026-07-17,https://www.sbbit.jp/fj/eventinfo/detail/88743,OK
三菱UFJ信託銀行,西潟 裕介,デジタル戦略部　上級調査役　ジュニアフェロー,金融DX&AIフォーラム 2026 夏 東京,2026-07-17,https://www.sbbit.jp/fj/eventinfo/detail/88743,OK
株式会社メンバーズ,楢橋 光二,DX/AIアカウントサービス本部 FinDX 第2ビジネスユニット カスタマーサクセスプロデューサー,金融DX&AIフォーラム 2026 夏 東京,2026-07-17,https://www.sbbit.jp/fj/eventinfo/detail/88743,OK
株式会社メンバーズ,鈴木 温人,DX/AIアカウントサービス本部 AI駆動ユニット チームリーダー,金融DX&AIフォーラム 2026 夏 東京,2026-07-17,https://www.sbbit.jp/fj/eventinfo/detail/88743,OK
Rubrik Japan株式会社,三浦 かなこ,第一営業本部  アカウントエグゼクティヴ,金融DX&AIフォーラム 2026 夏 東京,2026-07-17,https://www.sbbit.jp/fj/eventinfo/detail/88743,OK
株式会社ZenmuTech,岡田 昌徳,パートナー営業部 部長,金融DX&AIフォーラム 2026 夏 東京,2026-07-17,https://www.sbbit.jp/fj/eventinfo/detail/88743,OK
アドビ株式会社,三好 航一郎,エンタープライズ製品戦略部 Senior Solution Consultant Creative Product / Community Lead,金融DX&AIフォーラム 2026 夏 東京,2026-07-17,https://www.sbbit.jp/fj/eventinfo/detail/88743,OK
,,,,2026-07-17,https://www.sbbit.jp/eventinfo/detail/89545,登壇者情報なし
,,,,2026-07-17,https://www.sbbit.jp/eventinfo/detail/89046,登壇者情報なし
,,,,2026-07-17,https://www.sbbit.jp/eventinfo/detail/89236,登壇者情報なし
,,,,2026-07-21,https://www.sbbit.jp/eventinfo/detail/89689,登壇者情報なし
,,,,2026-07-17,https://www.sbbit.jp/eventinfo/detail/89031,登壇者情報なし
,,,公共入札の始め方がわかる入門セミナー,2026-07-21,https://www.sbbit.jp/eventinfo/detail/89212,登壇者情報なし
,,,,2026-07-21,https://www.sbbit.jp/eventinfo/detail/89399,登壇者情報なし
,,,,2026-07-21,https://www.sbbit.jp/eventinfo/detail/88937,登壇者情報なし
,,,,2026-07-21,https://www.sbbit.jp/eventinfo/detail/89404,登壇者情報なし
,,,「まだExcel管理？」大企業が実践する小売DX！,2026-07-21,https://www.sbbit.jp/eventinfo/detail/89558,登壇者情報なし
,,,,2026-07-21,https://www.sbbit.jp/eventinfo/detail/89258,登壇者情報なし
,,,,2026-07-21,https://www.sbbit.jp/eventinfo/detail/89293,登壇者情報なし
,,,,2026-07-21,https://www.sbbit.jp/eventinfo/detail/89533,登壇者情報なし
,,,,2026-07-21,https://www.sbbit.jp/eventinfo/detail/89256,登壇者情報なし
,,,,2026-07-21,https://www.sbbit.jp/eventinfo/detail/88955,登壇者情報なし
,,,,2026-07-22,https://www.sbbit.jp/eventinfo/detail/88934,登壇者情報なし
,,,,2026-07-22,https://www.sbbit.jp/eventinfo/detail/89524,登壇者情報なし
SBヒューマンキャピタル株式会社,小宅 隆博,生成AI事業本部 エグゼクティブプロデューサー,イチからわかる!GPT Codex入門講座,2026-07-21,https://www.sbbit.jp/eventinfo/detail/89576,OK
,,,,2026-07-22,https://www.sbbit.jp/eventinfo/detail/89401,登壇者情報なし
,,,,2026-07-22,https://www.sbbit.jp/eventinfo/detail/89067,登壇者情報なし
,,,,2026-07-22,https://www.sbbit.jp/eventinfo/detail/89619,登壇者情報なし
,,,,2026-07-22,https://www.sbbit.jp/eventinfo/detail/88948,登壇者情報なし
,,,,2026-07-22,https://www.sbbit.jp/eventinfo/detail/89300,登壇者情報なし
,,,,2026-07-22,https://www.sbbit.jp/eventinfo/detail/89535,登壇者情報なし
,,,,2026-07-22,https://www.sbbit.jp/eventinfo/detail/89694,登壇者情報なし
,,,,2026-07-22,https://www.sbbit.jp/eventinfo/detail/89570,登壇者情報なし
,,,,2026-07-22,https://www.sbbit.jp/eventinfo/detail/89509,登壇者情報なし
,,,,2026-07-22,https://www.sbbit.jp/eventinfo/detail/89065,登壇者情報なし
慶應義塾大学,岩本 隆,大学院経営管理研究科 講師,Business Innovation Conference Online 2026 夏,2026-07-22,https://www.sbbit.jp/eventinfo/detail/89080,OK
慶應義塾大学,山本 勲,商学部 教授,Business Innovation Conference Online 2026 夏,2026-07-22,https://www.sbbit.jp/eventinfo/detail/89080,OK
アデコ株式会社,渡邊 賢太郎,エンタープライズアウトソーシング本部 ビジネスプロセスイノベーション部 部長,Business Innovation Conference Online 2026 夏,2026-07-22,https://www.sbbit.jp/eventinfo/detail/89080,OK
株式会社kickflow,井領 明広,SaaSエヴァンジェリスト,Business Innovation Conference Online 2026 夏,2026-07-22,https://www.sbbit.jp/eventinfo/detail/89080,OK
ジンベイ株式会社,竹下 樹里,コンサルティング,Business Innovation Conference Online 2026 夏,2026-07-22,https://www.sbbit.jp/eventinfo/detail/89080,OK
,,,,2026-07-22,https://www.sbbit.jp/eventinfo/detail/88928,登壇者情報なし
,,,ナレッジワークとSalesforceで描く垂直型のユースケース,2026-07-22,https://www.sbbit.jp/fj/eventinfo/detail/89642,登壇者情報なし
,,,,2026-07-22,https://www.sbbit.jp/eventinfo/detail/89654,登壇者情報なし
,,,,2026-07-22,https://www.sbbit.jp/eventinfo/detail/89569,登壇者情報なし
,,,,2026-07-22,https://www.sbbit.jp/eventinfo/detail/89176,登壇者情報なし
,,,,2026-07-22,https://www.sbbit.jp/eventinfo/detail/89484,登壇者情報なし
,,,,2026-07-22,https://www.sbbit.jp/eventinfo/detail/89063,登壇者情報なし
,,,,2026-07-22,https://www.sbbit.jp/eventinfo/detail/89447,登壇者情報なし
,,,CAIO（Chief AI Officer）養成講座,2026-07-22,https://www.sbbit.jp/eventinfo/detail/89011,登壇者情報なし
,,,,2026-07-23,https://www.sbbit.jp/eventinfo/detail/89274,登壇者情報なし
,,,,2026-07-22,https://www.sbbit.jp/eventinfo/detail/89196,登壇者情報なし
,,,,2026-07-23,https://www.sbbit.jp/eventinfo/detail/89092,登壇者情報なし
,,,システム制約、部門間調整で施策の大半が白紙に。八方塞がりの状態から売上改善を果たした、マーケDXの再設計プロセス,2026-07-22,https://www.sbbit.jp/eventinfo/detail/89429,登壇者情報なし
,,,,2026-07-23,https://www.sbbit.jp/eventinfo/detail/89244,登壇者情報なし
,,,,2026-07-23,https://www.sbbit.jp/eventinfo/detail/89458,登壇者情報なし
,,,,2026-07-23,https://www.sbbit.jp/eventinfo/detail/89711,登壇者情報なし
,,,,2026-07-23,https://www.sbbit.jp/eventinfo/detail/89133,登壇者情報なし
,,,【環境変化に即応する製造業へ】原価・調達・設備を即時につなぐ経営基盤の作り方,2026-07-23,https://www.sbbit.jp/st/eventinfo/detail/89336,登壇者情報なし
,,,,2026-07-23,https://www.sbbit.jp/eventinfo/detail/89423,登壇者情報なし
,,,,2026-07-23,https://www.sbbit.jp/eventinfo/detail/88734,登壇者情報なし
,,,,2026-07-23,https://www.sbbit.jp/eventinfo/detail/89536,登壇者情報なし
,,,,2026-07-23,https://www.sbbit.jp/eventinfo/detail/89182,登壇者情報なし
,,,,2026-07-23,https://www.sbbit.jp/eventinfo/detail/89526,登壇者情報なし
,,,【GMOペイメントゲートウェイ共催】債権未回収リスクを構造的に解消するには──BtoBカード払い導入の実践ガイド,2026-07-23,https://www.sbbit.jp/eventinfo/detail/89561,登壇者情報なし
,,,,2026-07-23,https://www.sbbit.jp/eventinfo/detail/89390,登壇者情報なし
,,,,2026-07-23,https://www.sbbit.jp/eventinfo/detail/89370,登壇者情報なし
,,,,2026-07-23,https://www.sbbit.jp/eventinfo/detail/89094,登壇者情報なし
,,,,2026-07-23,https://www.sbbit.jp/eventinfo/detail/89555,登壇者情報なし
,,,,2026-07-23,https://www.sbbit.jp/eventinfo/detail/89416,登壇者情報なし
,,,,2026-07-23,https://www.sbbit.jp/eventinfo/detail/89487,登壇者情報なし
,,,,2026-07-23,https://www.sbbit.jp/eventinfo/detail/89439,登壇者情報なし
,,,,2026-07-23,https://www.sbbit.jp/eventinfo/detail/89602,登壇者情報なし
,,,,2026-07-24,https://www.sbbit.jp/eventinfo/detail/89734,登壇者情報なし
,,,,2026-07-23,https://www.sbbit.jp/eventinfo/detail/89306,登壇者情報なし
,,,バクラクシリーズを一挙公開！AIエージェントがバックオフィスをどう変える？,2026-07-24,https://www.sbbit.jp/eventinfo/detail/89562,登壇者情報なし
SBヒューマンキャピタル株式会社,小宅 隆博,生成AI事業本部 エグゼクティブプロデューサー,Claude Cowork・Design・Code ビジネス実践講座,2026-07-23,https://www.sbbit.jp/eventinfo/detail/89699,OK
,,,,2026-07-24,https://www.sbbit.jp/eventinfo/detail/89528,登壇者情報なし
,,,,2026-07-24,https://www.sbbit.jp/eventinfo/detail/89158,登壇者情報なし
,,,,2026-07-24,https://www.sbbit.jp/eventinfo/detail/89139,登壇者情報なし
,,,,2026-07-24,https://www.sbbit.jp/eventinfo/detail/89597,登壇者情報なし
東京大学先端科学技術研究センター,杉山 正和,教授,DX&AI Forum Online 2026 夏,2026-07-24,https://www.sbbit.jp/eventinfo/detail/88483,OK
京都橘大学,松原 仁,工学部 教授 情報学教育研究センター長,DX&AI Forum Online 2026 夏,2026-07-24,https://www.sbbit.jp/eventinfo/detail/88483,OK
一般社団法人シンギュラリティ・ソサエティ 代表理事,中島 聡,メルマガ「週間Life is beautiful」（株式会社まぐまぐ）,DX&AI Forum Online 2026 夏,2026-07-24,https://www.sbbit.jp/eventinfo/detail/88483,OK
三井住友海上火災保険株式会社,桑田 修平,ビジネスデザイン部AIグループ長 Exective AI advisor,DX&AI Forum Online 2026 夏,2026-07-24,https://www.sbbit.jp/eventinfo/detail/88483,OK
Dataiku Japan株式会社,木邑 文彦,セールスエンジニアリング部 シニアセールスエンジニア,DX&AI Forum Online 2026 夏,2026-07-24,https://www.sbbit.jp/eventinfo/detail/88483,OK
ソニービズネットワークス株式会社,矢崎 裕貢,マーケティング本部 マーケティング部 部長,DX&AI Forum Online 2026 夏,2026-07-24,https://www.sbbit.jp/eventinfo/detail/88483,OK
エムオーテックス株式会社,内藤 猛,サイバーセキュリティ本部　アセスメント2部　ペンテスト課　アソシエイト,DX&AI Forum Online 2026 夏,2026-07-24,https://www.sbbit.jp/eventinfo/detail/88483,OK
Ｓｋｙ株式会社,福見 英敏,ICTソリューション事業部 営業部 営業次長,DX&AI Forum Online 2026 夏,2026-07-24,https://www.sbbit.jp/eventinfo/detail/88483,OK
株式会社日立ソリューションズ,井上 直樹,ＡＩワークオートメーション本部 ハイパーオートメーションビジネス部　第１グループ グループマネージャ,DX&AI Forum Online 2026 夏,2026-07-24,https://www.sbbit.jp/eventinfo/detail/88483,OK
株式会社マネーフォワード,合江 篤,ERPマーケティング本部,DX&AI Forum Online 2026 夏,2026-07-24,https://www.sbbit.jp/eventinfo/detail/88483,OK
日本アイ・ビー・エム株式会社,徳増 孝夫,テクノロジー事業本部 データ・プラットフォーム事業部 製品統括営業部,DX&AI Forum Online 2026 夏,2026-07-24,https://www.sbbit.jp/eventinfo/detail/88483,OK
日本アイ・ビー・エム株式会社,長谷 真太郎,テクノロジー事業本部 データ・プラットフォーム事業部 製品統括営業部,DX&AI Forum Online 2026 夏,2026-07-24,https://www.sbbit.jp/eventinfo/detail/88483,OK
株式会社 日本HP,日笠 修,マーケティング本部　コマーシャル マーケティング 部長,DX&AI Forum Online 2026 夏,2026-07-24,https://www.sbbit.jp/eventinfo/detail/88483,OK
アルテアエンジニアリング株式会社,芝田 隆宏 氏（共同協賛：シーメンス株式会社）,Presales Manager,DX&AI Forum Online 2026 夏,2026-07-24,https://www.sbbit.jp/eventinfo/detail/88483,OK
早稲田大学大学院経営管理研究科、早稲田大学ビジネススクール 教授,入山 章栄,,PendomoniumX Tokyo 2026,2026-07-24,https://www.sbbit.jp/eventinfo/detail/88335,OK
マッキンゼー・アンド・カンパニー・ジャパン パートナー,工藤 卓哉,マッキンゼー・デジタル 日本統括責任者,PendomoniumX Tokyo 2026,2026-07-24,https://www.sbbit.jp/eventinfo/detail/88335,OK
株式会社NTTデータグループ,高田 哲生,ITマネジメント室 システム開発担当 部長,PendomoniumX Tokyo 2026,2026-07-24,https://www.sbbit.jp/eventinfo/detail/88335,OK
株式会社NTTデータグループ,江口 萌,ITマネジメント室 システム開発担当 課長,PendomoniumX Tokyo 2026,2026-07-24,https://www.sbbit.jp/eventinfo/detail/88335,OK
KDDI株式会社,中西 隆治,情報システム本部 DXシステム１部 開発３グループ グループリーダー,PendomoniumX Tokyo 2026,2026-07-24,https://www.sbbit.jp/eventinfo/detail/88335,OK
KDDI株式会社,三ツ屋 一樹,システム開発本部 オペレーションサポート部 エキスパート,PendomoniumX Tokyo 2026,2026-07-24,https://www.sbbit.jp/eventinfo/detail/88335,OK
株式会社日立製作所,勝部 聡,デジタルシステム＆サービス統括本部 IT戦略統括本部 ITイノベーション本部 本部長,PendomoniumX Tokyo 2026,2026-07-24,https://www.sbbit.jp/eventinfo/detail/88335,OK
株式会社日立製作所,中澤 匠,デジタルシステム＆サービス統括本部 IT戦略統括本部 ITイノベーション本部 デジタルトランスフォーメーション推進部 技師,PendomoniumX Tokyo 2026,2026-07-24,https://www.sbbit.jp/eventinfo/detail/88335,OK
東日本旅客鉄道株式会社,阿部 健司,マーケティング戦略部 マーケティング戦略グループ統括ユニット デジタルビジネス統括,PendomoniumX Tokyo 2026,2026-07-24,https://www.sbbit.jp/eventinfo/detail/88335,OK
東日本旅客鉄道株式会社,安倍 孝典,マーケティング戦略部 マーケティング戦略グループ統括ユニット マネージャー,PendomoniumX Tokyo 2026,2026-07-24,https://www.sbbit.jp/eventinfo/detail/88335,OK
"Pendo.io, Inc.",Todd Olson,Founder/CEO,PendomoniumX Tokyo 2026,2026-07-24,https://www.sbbit.jp/eventinfo/detail/88335,OK
,,,,2026-07-24,https://www.sbbit.jp/eventinfo/detail/89177,登壇者情報なし
,,,,2026-07-24,https://www.sbbit.jp/eventinfo/detail/89045,登壇者情報なし
,,,,2026-07-24,https://www.sbbit.jp/eventinfo/detail/89298,登壇者情報なし
,,,Coupa Inspire World Tour Tokyo 2026,2026-07-24,https://www.sbbit.jp/eventinfo/detail/89087,登壇者情報なし
,,,,2026-07-24,https://www.sbbit.jp/eventinfo/detail/89235,登壇者情報なし
,,,,2026-07-24,https://www.sbbit.jp/eventinfo/detail/88958,登壇者情報なし
,,,,2026-07-24,https://www.sbbit.jp/eventinfo/detail/89574,登壇者情報なし
,,,DXを止めないデータ基盤へ,2026-07-24,https://www.sbbit.jp/eventinfo/detail/89323,登壇者情報なし
,,,,2026-07-24,https://www.sbbit.jp/eventinfo/detail/89163,登壇者情報なし
,,,,2026-07-27,https://www.sbbit.jp/eventinfo/detail/89571,登壇者情報なし
,,,,2026-07-24,https://www.sbbit.jp/eventinfo/detail/89479,登壇者情報なし
,,,,2026-07-27,https://www.sbbit.jp/eventinfo/detail/89294,登壇者情報なし
,,,,2026-07-27,https://www.sbbit.jp/eventinfo/detail/89424,登壇者情報なし
,,,,2026-07-27,https://www.sbbit.jp/eventinfo/detail/89252,登壇者情報なし
,,,,2026-07-28,https://www.sbbit.jp/eventinfo/detail/88832,登壇者情報なし
,,,Celonis Process Intelligence Day Tokyo 2026,2026-07-28,https://www.sbbit.jp/eventinfo/detail/88907,登壇者情報なし
,,,WorksWay 2026,2026-07-28,https://www.sbbit.jp/eventinfo/detail/89149,登壇者情報なし
,,,,2026-07-28,https://www.sbbit.jp/eventinfo/detail/89060,登壇者情報なし
,,,,2026-07-28,https://www.sbbit.jp/eventinfo/detail/89566,登壇者情報なし
,,,,2026-07-28,https://www.sbbit.jp/eventinfo/detail/89352,登壇者情報なし
,,,,2026-07-28,https://www.sbbit.jp/eventinfo/detail/88533,登壇者情報なし
,,,,2026-07-28,https://www.sbbit.jp/eventinfo/detail/89573,登壇者情報なし
,,,,2026-07-28,https://www.sbbit.jp/eventinfo/detail/89420,登壇者情報なし
,,,商談記録の検討・導入で押さえるべき6つの観点,2026-07-28,https://www.sbbit.jp/eventinfo/detail/89707,登壇者情報なし
,,,,2026-07-28,https://www.sbbit.jp/eventinfo/detail/89567,登壇者情報なし
,,,,2026-07-28,https://www.sbbit.jp/eventinfo/detail/89387,登壇者情報なし
,,,,2026-07-28,https://www.sbbit.jp/eventinfo/detail/89295,登壇者情報なし
,,,,2026-07-28,https://www.sbbit.jp/eventinfo/detail/89653,登壇者情報なし
,,,,2026-07-28,https://www.sbbit.jp/eventinfo/detail/89417,登壇者情報なし
,,,【ハイブリッド・有料講座】Claudeビジネス実践講座第2弾：講師 佐藤傑,2026-07-28,https://www.sbbit.jp/eventinfo/detail/89445,登壇者情報なし
,,,,2026-07-28,https://www.sbbit.jp/eventinfo/detail/89486,登壇者情報なし
,,,,2026-07-28,https://www.sbbit.jp/eventinfo/detail/89159,登壇者情報なし
,,,,2026-07-28,https://www.sbbit.jp/eventinfo/detail/89508,登壇者情報なし
,,,さよならファイルサーバー！失敗しない、クラウドストレージ比較のポイント,2026-07-28,https://www.sbbit.jp/eventinfo/detail/89436,登壇者情報なし
,,,,2026-07-29,https://www.sbbit.jp/eventinfo/detail/89584,登壇者情報なし
,,,調達DXカンファレンス2026夏,2026-07-29,https://www.sbbit.jp/st/eventinfo/detail/89587,登壇者情報なし
,,,SAP NOW AI Tour TOKYO,2026-07-29,https://www.sbbit.jp/eventinfo/detail/89001,登壇者情報なし
,,,,2026-07-29,https://www.sbbit.jp/eventinfo/detail/89538,登壇者情報なし
,,,,2026-07-29,https://www.sbbit.jp/eventinfo/detail/89518,登壇者情報なし
,,,,2026-07-29,https://www.sbbit.jp/eventinfo/detail/89532,登壇者情報なし
,,,,2026-07-29,https://www.sbbit.jp/eventinfo/detail/89510,登壇者情報なし
,,,,2026-07-29,https://www.sbbit.jp/eventinfo/detail/89701,登壇者情報なし
,,,,2026-07-29,https://www.sbbit.jp/eventinfo/detail/89386,登壇者情報なし
,,,,2026-07-29,https://www.sbbit.jp/eventinfo/detail/89476,登壇者情報なし
,,,,2026-07-29,https://www.sbbit.jp/eventinfo/detail/89710,登壇者情報なし
,,,,2026-07-29,https://www.sbbit.jp/eventinfo/detail/89271,登壇者情報なし
,,,,2026-07-29,https://www.sbbit.jp/eventinfo/detail/89485,登壇者情報なし
,,,,2026-07-29,https://www.sbbit.jp/eventinfo/detail/89717,登壇者情報なし
,,,,2026-07-29,https://www.sbbit.jp/eventinfo/detail/89296,登壇者情報なし
,,,,2026-07-29,https://www.sbbit.jp/eventinfo/detail/89578,登壇者情報なし
,,,サプライチェーンの混乱を乗り切るITインフラ戦略,2026-07-29,https://www.sbbit.jp/eventinfo/detail/89521,登壇者情報なし
,,,,2026-07-29,https://www.sbbit.jp/eventinfo/detail/89339,登壇者情報なし
,,,ライセンスコスト高騰時代の仮想化戦略 ―　Oracle Linux KVMとVeeam移行による最適解,2026-07-29,https://www.sbbit.jp/eventinfo/detail/89477,登壇者情報なし
,,,,2026-07-29,https://www.sbbit.jp/eventinfo/detail/89542,登壇者情報なし
株式会社レイヤーズ・コンサルティング,小池 宗彦,DX・ERP事業部　マネージングディレクター,基幹システム資産を活かしたデジタル変革の実現 2026,2026-07-29,https://www.sbbit.jp/eventinfo/detail/89076,OK
株式会社イトーキ,齊藤 頼芸,統括部長　DX本部DX統括部,基幹システム資産を活かしたデジタル変革の実現 2026,2026-07-29,https://www.sbbit.jp/eventinfo/detail/89076,OK
株式会社オービックビジネスコンサルタント,嶋村 悠佑,営業本部 営業部 ERP推進室,基幹システム資産を活かしたデジタル変革の実現 2026,2026-07-29,https://www.sbbit.jp/eventinfo/detail/89076,OK
ウイングアーク１ｓｔ株式会社,大畠 幸男,dejiren開発部　部長,基幹システム資産を活かしたデジタル変革の実現 2026,2026-07-29,https://www.sbbit.jp/eventinfo/detail/89076,OK
株式会社NTTデータ・ビズインテグラル,小笠原 健,コンサルティング事業部　マネージャー,基幹システム資産を活かしたデジタル変革の実現 2026,2026-07-29,https://www.sbbit.jp/eventinfo/detail/89076,OK
,,,,2026-07-29,https://www.sbbit.jp/eventinfo/detail/89375,登壇者情報なし
,,,,2026-07-29,https://www.sbbit.jp/eventinfo/detail/89369,登壇者情報なし
,,,,2026-07-29,https://www.sbbit.jp/eventinfo/detail/89239,登壇者情報なし
,,,,2026-07-30,https://www.sbbit.jp/eventinfo/detail/89585,登壇者情報なし
,,,,2026-07-29,https://www.sbbit.jp/eventinfo/detail/89468,登壇者情報なし
,,,,2026-07-30,https://www.sbbit.jp/eventinfo/detail/89379,登壇者情報なし
,,,,2026-07-30,https://www.sbbit.jp/eventinfo/detail/89758,登壇者情報なし
,,,,2026-07-30,https://www.sbbit.jp/fj/eventinfo/detail/89269,登壇者情報なし
,,,,2026-07-30,https://www.sbbit.jp/eventinfo/detail/89565,登壇者情報なし
,,,,2026-07-30,https://www.sbbit.jp/eventinfo/detail/89709,登壇者情報なし
,,,,2026-07-30,https://www.sbbit.jp/eventinfo/detail/89278,登壇者情報なし
双日テックイノベーション株式会社,池上 啓司,クラウドソリューション事業本部 ワークプレイス事業部 部長,Zoom Phone導入3年で何が変わったのか,2026-07-30,https://www.sbbit.jp/eventinfo/detail/89588,OK
双日テックイノベーション株式会社,鈴木 高志,コーポレート統括本部 IT企画課 課長,Zoom Phone導入3年で何が変わったのか,2026-07-30,https://www.sbbit.jp/eventinfo/detail/89588,OK
双日テックイノベーション株式会社,古澤 賢一郎,クラウドソリューション事業本部 ワークプレイス事業部,Zoom Phone導入3年で何が変わったのか,2026-07-30,https://www.sbbit.jp/eventinfo/detail/89588,OK
三菱電機株式会社,都築 浩平,情報技術総合研究所 ＩｏＴシステム基盤技術部 主任研究員,IT Infra & AIOps Conference Online 2026 夏,2026-07-30,https://www.sbbit.jp/eventinfo/detail/88465,OK
株式会社野村総合研究所,坪内 佳世子,システムコンサルティング事業本部 ITアーキテクチャーコンサルティング部 エキスパートシステムコンサルタント,IT Infra & AIOps Conference Online 2026 夏,2026-07-30,https://www.sbbit.jp/eventinfo/detail/88465,OK
九州電力株式会社,家原 成輝,テクニカルソリューション統括本部 情報通信本部,IT Infra & AIOps Conference Online 2026 夏,2026-07-30,https://www.sbbit.jp/eventinfo/detail/88465,OK
株式会社エーアイセキュリティラボ,阿部 一真,事業企画部　ディレクター,IT Infra & AIOps Conference Online 2026 夏,2026-07-30,https://www.sbbit.jp/eventinfo/detail/88465,OK
株式会社NTTデータ先端技術,朝岡 竜士 氏（共同協賛：株式会社NTTデータ先端技術株式会社/株式会社アトミテック）,マネージド＆ファシリティサービス事業本部 マネージドサービス事業部 コアイノベーションサービス担当,IT Infra & AIOps Conference Online 2026 夏,2026-07-30,https://www.sbbit.jp/eventinfo/detail/88465,OK
株式会社アトミテック,吉江 一樹 氏（共同協賛：株式会社NTTデータ先端技術株式会社/株式会社アトミテック）,Hinemosソリューション事業部 製品開発部 マネージャー,IT Infra & AIOps Conference Online 2026 夏,2026-07-30,https://www.sbbit.jp/eventinfo/detail/88465,OK
シュナイダーエレクトリック株式会社,池上 求美香,セキュアパワー事業部　事業開発本部 ビジネスディベロップメントマネージャー,IT Infra & AIOps Conference Online 2026 夏,2026-07-30,https://www.sbbit.jp/eventinfo/detail/88465,OK
日本ビジネスシステムズ株式会社,齊藤 直哉,クラウドマネージドサービス事業本部 テクニカルサポートセンター アシスタントマネージャー,IT Infra & AIOps Conference Online 2026 夏,2026-07-30,https://www.sbbit.jp/eventinfo/detail/88465,OK
日本ビジネスシステムズ株式会社,寺田 敬佑,クラウドマネージドサービス事業本部 テクニカルサポートセンター シニアスペシャリスト,IT Infra & AIOps Conference Online 2026 夏,2026-07-30,https://www.sbbit.jp/eventinfo/detail/88465,OK
日本ビジネスシステムズ株式会社,千田 航也,クラウドマネージドサービス事業本部 テクニカルサポートセンター アシスタントマネージャー,IT Infra & AIOps Conference Online 2026 夏,2026-07-30,https://www.sbbit.jp/eventinfo/detail/88465,OK
,,,,2026-07-30,https://www.sbbit.jp/eventinfo/detail/89433,登壇者情報なし
,,,,2026-07-30,https://www.sbbit.jp/eventinfo/detail/89730,登壇者情報なし
,,,,2026-07-30,https://www.sbbit.jp/eventinfo/detail/89301,登壇者情報なし
,,,,2026-07-30,https://www.sbbit.jp/eventinfo/detail/89407,登壇者情報なし
,,,,2026-07-30,https://www.sbbit.jp/eventinfo/detail/88736,登壇者情報なし
,,,,2026-07-30,https://www.sbbit.jp/eventinfo/detail/89382,登壇者情報なし
,,,,2026-07-30,https://www.sbbit.jp/eventinfo/detail/89704,登壇者情報なし
,,,,2026-07-30,https://www.sbbit.jp/eventinfo/detail/89639,登壇者情報なし
,,,,2026-07-30,https://www.sbbit.jp/eventinfo/detail/89441,登壇者情報なし
,,,,2026-07-30,https://www.sbbit.jp/eventinfo/detail/89418,登壇者情報なし
,,,,2026-07-30,https://www.sbbit.jp/eventinfo/detail/89695,登壇者情報なし
,,,,2026-07-30,https://www.sbbit.jp/eventinfo/detail/89449,登壇者情報なし
,,,,2026-07-31,https://www.sbbit.jp/eventinfo/detail/89079,登壇者情報なし
,,,,2026-07-30,https://www.sbbit.jp/eventinfo/detail/89702,登壇者情報なし
,,,,2026-07-31,https://www.sbbit.jp/eventinfo/detail/89086,登壇者情報なし
,,,,2026-07-31,https://www.sbbit.jp/eventinfo/detail/89586,登壇者情報なし
,,,,2026-07-31,https://www.sbbit.jp/eventinfo/detail/89606,登壇者情報なし
,,,,2026-07-31,https://www.sbbit.jp/eventinfo/detail/89200,登壇者情報なし
,,,,2026-07-31,https://www.sbbit.jp/eventinfo/detail/89759,登壇者情報なし
,,,,2026-07-31,https://www.sbbit.jp/eventinfo/detail/89134,登壇者情報なし
,,,,2026-07-31,https://www.sbbit.jp/eventinfo/detail/89728,登壇者情報なし
,,,,2026-07-31,https://www.sbbit.jp/eventinfo/detail/89275,登壇者情報なし
,,,,2026-07-31,https://www.sbbit.jp/eventinfo/detail/89543,登壇者情報なし
,,,,2026-07-31,https://www.sbbit.jp/eventinfo/detail/89396,登壇者情報なし
,,,,2026-07-31,https://www.sbbit.jp/eventinfo/detail/89297,登壇者情報なし
,,,,2026-07-31,https://www.sbbit.jp/eventinfo/detail/89725,登壇者情報なし
NTTデータ経営研究所 マネージングディレクター,大野 博堂,金融政策コンサルティングユニット長,金融庁AI脅威対応9項目 実務実装講座,2026-07-31,https://www.sbbit.jp/fj/eventinfo/detail/89286,OK
,,,,2026-07-31,https://www.sbbit.jp/eventinfo/detail/89234,登壇者情報なし
,,,,2026-08-01,https://www.sbbit.jp/eventinfo/detail/89277,登壇者情報なし
,,,,2026-08-03,https://www.sbbit.jp/eventinfo/detail/89253,登壇者情報なし
,,,8月限定｜脆弱性対策まるわかり月間,2026-08-03,https://www.sbbit.jp/eventinfo/detail/89596,登壇者情報なし
,,,,2026-08-04,https://www.sbbit.jp/eventinfo/detail/89225,登壇者情報なし
,,,,2026-08-04,https://www.sbbit.jp/eventinfo/detail/89697,登壇者情報なし
,,,,2026-08-04,https://www.sbbit.jp/eventinfo/detail/89643,登壇者情報なし
,,,,2026-08-04,https://www.sbbit.jp/eventinfo/detail/89345,登壇者情報なし
,,,,2026-08-03,https://www.sbbit.jp/eventinfo/detail/89361,登壇者情報なし
,,,,2026-08-04,https://www.sbbit.jp/eventinfo/detail/89405,登壇者情報なし
,,,「点の効率化」から「線の業務変革」へ,2026-08-04,https://www.sbbit.jp/eventinfo/detail/89604,登壇者情報なし
,,,,2026-08-04,https://www.sbbit.jp/eventinfo/detail/89738,登壇者情報なし
,,,なぜ SharePoint の運用は大変になる？,2026-08-04,https://www.sbbit.jp/eventinfo/detail/89675,登壇者情報なし
,,,,2026-08-04,https://www.sbbit.jp/eventinfo/detail/89712,登壇者情報なし
,,,,2026-08-04,https://www.sbbit.jp/eventinfo/detail/89700,登壇者情報なし
,,,,2026-08-04,https://www.sbbit.jp/eventinfo/detail/89696,登壇者情報なし
,,,,2026-08-04,https://www.sbbit.jp/eventinfo/detail/89255,登壇者情報なし
,,,,2026-08-04,https://www.sbbit.jp/eventinfo/detail/89601,登壇者情報なし
,,,,2026-08-04,https://www.sbbit.jp/eventinfo/detail/89511,登壇者情報なし
,,,,2026-08-04,https://www.sbbit.jp/eventinfo/detail/88916,登壇者情報なし
,,,,2026-08-04,https://www.sbbit.jp/eventinfo/detail/89480,登壇者情報なし
,,,人手不足・セキュリティ脅威に悩む貴方に聞いてほしい！,2026-08-05,https://www.sbbit.jp/st/eventinfo/detail/89557,登壇者情報なし
,,,,2026-08-05,https://www.sbbit.jp/eventinfo/detail/89513,登壇者情報なし
,,,,2026-08-05,https://www.sbbit.jp/eventinfo/detail/89655,登壇者情報なし
,,,,2026-08-05,https://www.sbbit.jp/eventinfo/detail/89729,登壇者情報なし
,,,,2026-08-05,https://www.sbbit.jp/eventinfo/detail/89506,登壇者情報なし
,,,,2026-08-05,https://www.sbbit.jp/eventinfo/detail/89527,登壇者情報なし
,,,,2026-08-05,https://www.sbbit.jp/eventinfo/detail/89492,登壇者情報なし
,,,AI 活用のカギはデータ！シリーズ【運用編】「作って終わり」にしないデータ基盤：現場が使いこなし、成果を出し続けるための仕組み作り,2026-08-05,https://www.sbbit.jp/eventinfo/detail/89451,登壇者情報なし
,,,,2026-08-05,https://www.sbbit.jp/eventinfo/detail/89175,登壇者情報なし
,,,,2026-08-05,https://www.sbbit.jp/eventinfo/detail/89603,登壇者情報なし
,,,SAP Connect Day & SAP Concur Fusion Exchange 2026 Osaka,2026-08-05,https://www.sbbit.jp/eventinfo/detail/89047,登壇者情報なし
,,,,2026-08-05,https://www.sbbit.jp/eventinfo/detail/89732,登壇者情報なし
,,,,2026-08-05,https://www.sbbit.jp/eventinfo/detail/89504,登壇者情報なし
,,,,2026-08-05,https://www.sbbit.jp/eventinfo/detail/89726,登壇者情報なし
,,,巧妙化する生成AIによるフィッシングメールに対抗するためのDMARC対策とは？,2026-08-05,https://www.sbbit.jp/eventinfo/detail/89564,登壇者情報なし
,,,日鉄ソリューションズが実践！AIで変わる営業業務と帳票運用の最前線,2026-08-05,https://www.sbbit.jp/eventinfo/detail/89496,登壇者情報なし
,,,,2026-08-05,https://www.sbbit.jp/eventinfo/detail/89238,登壇者情報なし
,,,,2026-08-05,https://www.sbbit.jp/eventinfo/detail/89383,登壇者情報なし
,,,AI組織定着 実践講座,2026-08-05,https://www.sbbit.jp/eventinfo/detail/89680,登壇者情報なし
,,,,2026-08-05,https://www.sbbit.jp/eventinfo/detail/89502,登壇者情報なし
,,,,2026-08-06,https://www.sbbit.jp/eventinfo/detail/89593,登壇者情報なし
,,,,2026-08-06,https://www.sbbit.jp/eventinfo/detail/89690,登壇者情報なし
,,,,2026-08-06,https://www.sbbit.jp/eventinfo/detail/89657,登壇者情報なし
,,,,2026-08-06,https://www.sbbit.jp/eventinfo/detail/89473,登壇者情報なし
,,,,2026-08-06,https://www.sbbit.jp/eventinfo/detail/89245,登壇者情報なし
,,,30分セミナー「パスワードを使わない認証のトレンドをプロが解説」,2026-08-06,https://www.sbbit.jp/eventinfo/detail/89605,登壇者情報なし
,,,勤怠管理システム比較セミナー,2026-08-06,https://www.sbbit.jp/eventinfo/detail/89636,登壇者情報なし
国立情報学研究所・教授,佐藤 一郎,,AI音声DX最前線,2026-08-06,https://www.sbbit.jp/eventinfo/detail/89285,OK
合同会社デロイト トーマツ,髙橋 周平,マネージングディレクター,AI音声DX最前線,2026-08-06,https://www.sbbit.jp/eventinfo/detail/89285,OK
Rimo合同会社,佐伯 直行,事業戦略本部長,AI音声DX最前線,2026-08-06,https://www.sbbit.jp/eventinfo/detail/89285,OK
Notta株式会社,小林 広紀,BtoBマーケティングディレクター,AI音声DX最前線,2026-08-06,https://www.sbbit.jp/eventinfo/detail/89285,OK
tldx Solutions GmbH,木下 央司,営業部長,AI音声DX最前線,2026-08-06,https://www.sbbit.jp/eventinfo/detail/89285,OK
,,,,2026-08-06,https://www.sbbit.jp/eventinfo/detail/89743,登壇者情報なし
,,,,2026-08-06,https://www.sbbit.jp/eventinfo/detail/89713,登壇者情報なし
,,,,2026-08-06,https://www.sbbit.jp/eventinfo/detail/89727,登壇者情報なし
,,,,2026-08-06,https://www.sbbit.jp/eventinfo/detail/89705,登壇者情報なし
,,,,2026-08-06,https://www.sbbit.jp/eventinfo/detail/89658,登壇者情報なし
,,,,2026-08-06,https://www.sbbit.jp/eventinfo/detail/89512,登壇者情報なし
,,,物流2法改正時代のデータドリブン経営と運送DXの実践,2026-08-06,https://www.sbbit.jp/st/eventinfo/detail/89568,登壇者情報なし
,,,,2026-08-06,https://www.sbbit.jp/eventinfo/detail/89440,登壇者情報なし
,,,,2026-08-06,https://www.sbbit.jp/eventinfo/detail/89310,登壇者情報なし
,,,,2026-08-07,https://www.sbbit.jp/eventinfo/detail/89691,登壇者情報なし
,,,,2026-08-07,https://www.sbbit.jp/eventinfo/detail/89549,登壇者情報なし
,,,,2026-08-07,https://www.sbbit.jp/eventinfo/detail/89233,登壇者情報なし
,,,,2026-08-07,https://www.sbbit.jp/eventinfo/detail/89714,登壇者情報なし
,,,,2026-08-06,https://www.sbbit.jp/eventinfo/detail/89537,登壇者情報なし
,,,営業・マーケターをアップデートする生成AI活用講座,2026-08-06,https://www.sbbit.jp/eventinfo/detail/89056,登壇者情報なし
,,,,2026-08-07,https://www.sbbit.jp/eventinfo/detail/89552,登壇者情報なし
,,,,2026-08-10,https://www.sbbit.jp/eventinfo/detail/89624,登壇者情報なし
,,,,2026-08-12,https://www.sbbit.jp/eventinfo/detail/89633,登壇者情報なし
,,,,2026-08-18,https://www.sbbit.jp/eventinfo/detail/89581,登壇者情報なし
,,,,2026-08-18,https://www.sbbit.jp/eventinfo/detail/89350,登壇者情報なし
,,,,2026-08-18,https://www.sbbit.jp/eventinfo/detail/89652,登壇者情報なし
,,,,2026-08-18,https://www.sbbit.jp/eventinfo/detail/89553,登壇者情報なし
,,,,2026-08-18,https://www.sbbit.jp/eventinfo/detail/89600,登壇者情報なし
,,,,2026-08-18,https://www.sbbit.jp/eventinfo/detail/89408,登壇者情報なし
,,,,2026-08-19,https://www.sbbit.jp/eventinfo/detail/89617,登壇者情報なし
,,,,2026-08-19,https://www.sbbit.jp/eventinfo/detail/89529,登壇者情報なし
,,,,2026-08-19,https://www.sbbit.jp/eventinfo/detail/89427,登壇者情報なし
,,,,2026-08-19,https://www.sbbit.jp/eventinfo/detail/89747,登壇者情報なし
,,,,2026-08-19,https://www.sbbit.jp/eventinfo/detail/89715,登壇者情報なし
,,,,2026-08-20,https://www.sbbit.jp/eventinfo/detail/89426,登壇者情報なし
,,,,2026-08-20,https://www.sbbit.jp/eventinfo/detail/89209,登壇者情報なし
東京大学,太田 順,大学院工学系研究科 人工物工学研究センター・教授,AI時代の製造現場DX成功の要因,2026-08-20,https://www.sbbit.jp/st/eventinfo/detail/88939,OK
PTCジャパン株式会社,芸林 盾,ビジネスデベロップメント ディレクター,AI時代の製造現場DX成功の要因,2026-08-20,https://www.sbbit.jp/st/eventinfo/detail/88939,OK
NTTドコモビジネス株式会社,大垣 哲也,プラットフォームサービス本部　IoT&フィジカルAIサービス部　担当課長,AI時代の製造現場DX成功の要因,2026-08-20,https://www.sbbit.jp/st/eventinfo/detail/88939,OK
,,,,2026-08-20,https://www.sbbit.jp/eventinfo/detail/89024,登壇者情報なし
,,,,2026-08-20,https://www.sbbit.jp/eventinfo/detail/89580,登壇者情報なし
,,,,2026-08-20,https://www.sbbit.jp/eventinfo/detail/89742,登壇者情報なし
,,,,2026-08-20,https://www.sbbit.jp/eventinfo/detail/89608,登壇者情報なし
,,,第3回 人事と労務のオンライン展示会,2026-08-20,https://www.sbbit.jp/eventinfo/detail/89500,登壇者情報なし
,,,,2026-08-21,https://www.sbbit.jp/eventinfo/detail/89609,登壇者情報なし
,,,,2026-08-21,https://www.sbbit.jp/eventinfo/detail/89716,登壇者情報なし
,,,,2026-08-21,https://www.sbbit.jp/eventinfo/detail/89703,登壇者情報なし
東京大学,江崎 浩,情報理工学系研究科 教授,,2026-08-21,https://www.sbbit.jp/eventinfo/detail/88663,OK
株式会社エーアイセキュリティラボ,阿部 一真,事業企画部 ディレクター,,2026-08-21,https://www.sbbit.jp/eventinfo/detail/88663,OK
Datadog Japan合同会社,三村 啓,TAM & TEM マネージャー,,2026-08-21,https://www.sbbit.jp/eventinfo/detail/88663,OK
,,,,2026-08-21,https://www.sbbit.jp/eventinfo/detail/89592,登壇者情報なし
,,,,2026-08-24,https://www.sbbit.jp/eventinfo/detail/89554,登壇者情報なし
,,,,2026-08-21,https://www.sbbit.jp/eventinfo/detail/89630,登壇者情報なし
,,,,2026-08-24,https://www.sbbit.jp/eventinfo/detail/89598,登壇者情報なし
,,,,2026-08-24,https://www.sbbit.jp/eventinfo/detail/89625,登壇者情報なし
,,,,2026-08-21,https://www.sbbit.jp/eventinfo/detail/89481,登壇者情報なし
,,,,2026-08-24,https://www.sbbit.jp/eventinfo/detail/89614,登壇者情報なし
,,,,2026-08-25,https://www.sbbit.jp/eventinfo/detail/89750,登壇者情報なし
,,,,2026-08-25,https://www.sbbit.jp/eventinfo/detail/89722,登壇者情報なし
,,,,2026-08-25,https://www.sbbit.jp/eventinfo/detail/89737,登壇者情報なし
