company,name,dept_title,event_date,event_label,event_url,session_url,status
,,,,,https://event.shoeisha.jp/mzday/20260527,,登壇者情報なし
広告ウヒョー！MC,山田 百音,,2025-09-10,,https://event.shoeisha.jp/mzday/20250910,https://event.shoeisha.jp/mzday/20250910/session/6154,OK
ワンスカイ,福里 真一,クリエイティブディレクター／CMプランナー／コピーライター,2025-09-10,,https://event.shoeisha.jp/mzday/20250910,https://event.shoeisha.jp/mzday/20250910/session/6154,OK
カンロ株式会社,内山 妙子,常務執行役員 マーケティング本部長,2025-09-10,,https://event.shoeisha.jp/mzday/20250910,https://event.shoeisha.jp/mzday/20250910/session/6125,OK
株式会社Mizkan,田中 保憲,Holdings マーケティンググループ 株式会社ZENB JAPAN ブランドマネージャ,2025-09-10,,https://event.shoeisha.jp/mzday/20250910,https://event.shoeisha.jp/mzday/20250910/session/6125,OK
株式会社野村総合研究所,松下 東子,コンサルティング事業本部マーケティング戦略コンサルティング部 シニアプリンシパル,2025-09-10,,https://event.shoeisha.jp/mzday/20250910,https://event.shoeisha.jp/mzday/20250910/session/6134,OK
Sansan株式会社,福永 和洋,Sansan事業部 マーケティング部 部長,2025-09-10,,https://event.shoeisha.jp/mzday/20250910,https://event.shoeisha.jp/mzday/20250910/session/6184,OK
デザイン・イノベーション・ファームTakram,渡邉 康太郎,コンテクストデザイナー / 東北芸術工科大学 客員教授,2026-03-03,,https://event.shoeisha.jp/mzday/20260303,https://event.shoeisha.jp/mzday/20260303/session/6644,OK
サントリー株式会社,菊池 友里,宣伝部 課長,2026-03-03,,https://event.shoeisha.jp/mzday/20260303,https://event.shoeisha.jp/mzday/20260303/session/6644,OK
ユニリーバ・ジャパン・カスタマーマーケティング株式会社,前納 有紀子,Personal Care Commercial Lead,2026-03-03,,https://event.shoeisha.jp/mzday/20260303,https://event.shoeisha.jp/mzday/20260303/session/6653,OK
青山学院大学,久保田 進彦,経営学部 教授,2026-03-03,,https://event.shoeisha.jp/mzday/20260303,https://event.shoeisha.jp/mzday/20260303/session/6677,OK
株式会社ニッセイ基礎研究所,廣瀬 涼,研究員,2026-03-03,,https://event.shoeisha.jp/mzday/20260303,https://event.shoeisha.jp/mzday/20260303/session/6677,OK
アドビ株式会社,鵜瀬 総一郎,ソリューションコンサルティング ディレクター,2026-03-03,,https://event.shoeisha.jp/mzday/20260303,https://event.shoeisha.jp/mzday/20260303/session/6676,OK
フリー株式会社,三浦 將太,常務執行役員/VP of Marketing セントラルマーケティング本部 本部長,2026-03-03,,https://event.shoeisha.jp/mzday/20260303,https://event.shoeisha.jp/mzday/20260303/session/6676,OK
株式会社JTB,風口 悦子,執行役員 ブランディング・マーケティング 広報担当（CMO）,2026-05-21,,https://event.shoeisha.jp/mzday/20260521,https://event.shoeisha.jp/mzday/20260521/session/6767,OK
日本ケンタッキー・フライド・チキン株式会社,平田 雄己,マーケティング本部 デジタル戦略部 部長,2026-05-21,,https://event.shoeisha.jp/mzday/20260521,https://event.shoeisha.jp/mzday/20260521/session/6767,OK
株式会社翔泳社,安成 蓉子,メディア編集部門 ビジネス編集統括 第2メディア編集部 部長 兼 Biz/Zine編集長,2026-05-21,,https://event.shoeisha.jp/mzday/20260521,https://event.shoeisha.jp/mzday/20260521/session/6767,OK
花王株式会社,石渡 健祐,デジタル戦略部門 DXソリューションズセンター チーフデータサイエンティスト,2026-05-21,,https://event.shoeisha.jp/mzday/20260521,https://event.shoeisha.jp/mzday/20260521/session/6770,OK
花王株式会社,箕輪 映友子,デジタル戦略部門 DXソリューションズセンター データサイエンティスト,2026-05-21,,https://event.shoeisha.jp/mzday/20260521,https://event.shoeisha.jp/mzday/20260521/session/6770,OK
株式会社EVERRISE,松本 健太郎,執行役員CMO 株式会社コモレビ CDO,2026-05-21,,https://event.shoeisha.jp/mzday/20260521,https://event.shoeisha.jp/mzday/20260521/session/6770,OK
積水ハウス イノベーション＆コミュニケーション株式会社,日ノ澤 恵莉,CRO（Chief Research Officer）,2026-05-21,,https://event.shoeisha.jp/mzday/20260521,https://event.shoeisha.jp/mzday/20260521/session/6777,OK
DynaMeet株式会社,澤野 拓実,共同代表 兼 CRO,2026-05-21,,https://event.shoeisha.jp/mzday/20260521,https://event.shoeisha.jp/mzday/20260521/session/6769,OK
株式会社博報堂,中島 優人,CXクリエイティブ局 エクスペリエンスディレクター,2026-05-21,,https://event.shoeisha.jp/mzday/20260521,https://event.shoeisha.jp/mzday/20260521/session/6771,OK
株式会社博報堂テクノロジーズ,岸本 悠祐,Technical Lead,2026-05-21,,https://event.shoeisha.jp/mzday/20260521,https://event.shoeisha.jp/mzday/20260521/session/6771,OK
アドビ株式会社,阿部 成行,ジャパントランスフォーメーション本部 プリンシパルビジネスデベロップメント マネージャー,2026-05-21,,https://event.shoeisha.jp/mzday/20260521,https://event.shoeisha.jp/mzday/20260521/session/6772,OK
株式会社Speee,藤井 慧里,マーケティングインテリジェンス事業本部 セールス＆マーケティング部 部長 AIリサーチ＆イノベーションセンター AEOサービス推進責任者,2026-05-21,,https://event.shoeisha.jp/mzday/20260521,https://event.shoeisha.jp/mzday/20260521/session/6773,OK
QO株式会社,大塚 剛,マーケティングプランニング本部 マーケティングプランニング部 プランニング1U ストラテジックプランナー/AIフェロー,2026-05-21,,https://event.shoeisha.jp/mzday/20260521,https://event.shoeisha.jp/mzday/20260521/session/6776,OK
株式会社マクロミル,三島 大輝,デジタルマーケティング本部 パネルデータプロダクツユニット長,2025-06-05,,https://event.shoeisha.jp/mzday/20250605,https://event.shoeisha.jp/mzday/20250605/session/5835,OK
株式会社電通,久下 尋厚,第6マーケティング局 マーケティングコンサルティング部 部長（GM）,2025-06-05,,https://event.shoeisha.jp/mzday/20250605,https://event.shoeisha.jp/mzday/20250605/session/5835,OK
株式会社EVeM,富家 翔平,Marketing Director,2025-06-05,,https://event.shoeisha.jp/mzday/20250605,https://event.shoeisha.jp/mzday/20250605/session/5840,OK
パナソニック コネクト株式会社,関口 昭如,デザイン＆マーケティング本部 デジタルカスタマーエクスペリエンス エグゼクティブ/統括部長、 （兼）現場ソリューションカンパニー ヴァイスプレジデント（マーケティング戦略）、,2025-06-05,,https://event.shoeisha.jp/mzday/20250605,https://event.shoeisha.jp/mzday/20250605/session/5840,OK
株式会社マクニカ,渡辺 弦一郎,ネットワークスカンパニーDXソリューション事業部第1営業部ソリューション技術課 データエンジニア,2025-06-05,,https://event.shoeisha.jp/mzday/20250605,https://event.shoeisha.jp/mzday/20250605/session/5833,OK
株式会社マクニカ,池田 将司,ネットワークスカンパニーセキュリティソリューション営業統括部プロダクト第1営業部第1課 プロダクトマネージャー ホーム,2025-06-05,,https://event.shoeisha.jp/mzday/20250605,https://event.shoeisha.jp/mzday/20250605/session/5833,OK
Teads,今村 幸彦,Japan North East Asia地区 Managing Director,2025-06-05,,https://event.shoeisha.jp/mzday/20250605,https://event.shoeisha.jp/mzday/20250605/session/5834,OK
Teads,川口 瑞浩,"Japan VP, Agency Partnership Lead",2025-06-05,,https://event.shoeisha.jp/mzday/20250605,https://event.shoeisha.jp/mzday/20250605/session/5834,OK
Kantar,吉本 潤一,Japan Kantar Japan Director Kantar Insights / Media & Creative,2025-06-05,,https://event.shoeisha.jp/mzday/20250605,https://event.shoeisha.jp/mzday/20250605/session/5834,OK
株式会社アマナ,杉山 諒,GreatRIVER Dept. Department Manager Project Designer,2025-06-05,,https://event.shoeisha.jp/mzday/20250605,https://event.shoeisha.jp/mzday/20250605/session/5838,OK
アドビ株式会社,松井 真理子,DXインターナショナルマーケティング本部 フィールドマーケティングマネージャー 黒田 悠介,2026-01-21,,https://event.shoeisha.jp/mzday/20260121,https://event.shoeisha.jp/online/count/1695/?ident=s_a4&url=https://event.shoeisha.jp/mzday/20260121/session/6717,OK
株式会社ヤッホーブルーイング,佐藤 潤,よなよなピースラボユニット マーケティングエキスパート 黒田 悠介,2026-01-21,,https://event.shoeisha.jp/mzday/20260121,https://event.shoeisha.jp/online/count/1695/?ident=s_b4&url=https://event.shoeisha.jp/mzday/20260121/session/6718,OK
アドビ株式会社,松井 真理子,DXインターナショナルマーケティング本部 フィールドマーケティングマネージャー 黒田 悠介,2026-01-21,,https://event.shoeisha.jp/mzday/20260121,https://event.shoeisha.jp/mzday/20260121/session/6717,OK
株式会社ヤッホーブルーイング,佐藤 潤,よなよなピースラボユニット マーケティングエキスパート 黒田 悠介,2026-01-21,,https://event.shoeisha.jp/mzday/20260121,https://event.shoeisha.jp/mzday/20260121/session/6718,OK
株式会社ヤッホーブルーイング,本田 敏也,よなよな未来課（ブランド開発、市場調査分析、戦略立案） エキスパート,2025-11-11,,https://event.shoeisha.jp/mzday/20251111,https://event.shoeisha.jp/mzday/20251111/session/6313,OK
株式会社セブン-イレブン・ジャパン,畠中 拓志,商品本部 飲料・酒・加工食品部 マーチャンダイザー,2025-11-11,,https://event.shoeisha.jp/mzday/20251111,https://event.shoeisha.jp/mzday/20251111/session/6313,OK
株式会社クラシコム,高山 達哉,事業開発部 執行役員,2025-11-11,,https://event.shoeisha.jp/mzday/20251111,https://event.shoeisha.jp/mzday/20251111/session/6313,OK
株式会社ゴンドラ,細野 博昭,プロデューサー,2025-11-11,,https://event.shoeisha.jp/mzday/20251111,https://event.shoeisha.jp/mzday/20251111/session/6328,OK
株式会社イプサ,李 正修,CXデザインセンター長,2025-11-11,,https://event.shoeisha.jp/mzday/20251111,https://event.shoeisha.jp/mzday/20251111/session/6331,OK
株式会社イプサ,滝 さや子,CXデザインセンター ビジネスデベロップメントグループ グループマネージャー,2025-11-11,,https://event.shoeisha.jp/mzday/20251111,https://event.shoeisha.jp/mzday/20251111/session/6331,OK
adjust株式会社,高橋 将平,Sales Lead,2025-11-11,,https://event.shoeisha.jp/mzday/20251111,https://event.shoeisha.jp/mzday/20251111/session/6323,OK
株式会社良品計画,水野 寛,EC・デジタルサービス部 事業推進課,2025-11-11,,https://event.shoeisha.jp/mzday/20251111,https://event.shoeisha.jp/mzday/20251111/session/6323,OK
カルビー株式会社,松永 遼,カルビー ジャパンリージョン企画統括本部 リテールサイエンス部 部長,2025-11-11,,https://event.shoeisha.jp/mzday/20251111,https://event.shoeisha.jp/mzday/20251111/session/6319,OK
アンカー・ジャパン株式会社,芝原 航,執行役員 事業戦略本部長,2025-11-11,,https://event.shoeisha.jp/mzday/20251111,https://event.shoeisha.jp/mzday/20251111/session/6325,OK
株式会社翔泳社,吉永 翠,MarkeZine編集部,2025-11-11,,https://event.shoeisha.jp/mzday/20251111,https://event.shoeisha.jp/mzday/20251111/session/6325,OK
LINEヤフー株式会社,江田 達哉,コーポレートビジネスドメイン ビジネスデザインSBU 第一BCユニット BC3ディビジョン 部長,2025-11-11,,https://event.shoeisha.jp/mzday/20251111,https://event.shoeisha.jp/mzday/20251111/session/6315,OK
Meltwater Japan株式会社,髙橋 諒,アカウントエグゼクティブ,2025-11-11,,https://event.shoeisha.jp/mzday/20251111,https://event.shoeisha.jp/mzday/20251111/session/6317,OK
株式会社ギャプライズ,金子 葉月,UGC＆D2Cテクノロジー事業部,2025-11-11,,https://event.shoeisha.jp/mzday/20251111,https://event.shoeisha.jp/mzday/20251111/session/6326,OK
店舗のICT活用研究所,郡司 昇,代表 / 小売DX合同会社 代表社員,2025-11-11,,https://event.shoeisha.jp/mzday/20251111,https://event.shoeisha.jp/mzday/20251111/session/6324,OK
株式会社東急ストア,山口 修平,MD企画部 マーケティング課長,2025-11-11,,https://event.shoeisha.jp/mzday/20251111,https://event.shoeisha.jp/mzday/20251111/session/6324,OK
株式会社pHmedia,松居 達也,COO 兼 経営戦略室 責任者 株式会社博報堂 コマースコンサルティング局 局長補佐,2025-11-11,,https://event.shoeisha.jp/mzday/20251111,https://event.shoeisha.jp/mzday/20251111/session/6330,OK
GMOペパボ株式会社,武尾 健太,minne事業部 マネージャー,2025-11-11,,https://event.shoeisha.jp/mzday/20251111,https://event.shoeisha.jp/mzday/20251111/session/6314,OK
GMOペパボ株式会社,小松 智樹,minne事業部 プロダクト開発チーム シニア ディレクター,2025-11-11,,https://event.shoeisha.jp/mzday/20251111,https://event.shoeisha.jp/mzday/20251111/session/6314,OK
Supership株式会社,杉本 尚弥,リテールメディア企画部 部長,2025-11-11,,https://event.shoeisha.jp/mzday/20251111,https://event.shoeisha.jp/mzday/20251111/session/6314,OK
Supership株式会社,野本 くらら,リテールメディア企画部 ディレクション1G グループリーダー,2025-11-11,,https://event.shoeisha.jp/mzday/20251111,https://event.shoeisha.jp/mzday/20251111/session/6314,OK
株式会社ファイントゥデイ,益川 竜介,日本事業部ブランドマーケティング部 ヴァイスプレジデント,2025-11-11,,https://event.shoeisha.jp/mzday/20251111,https://event.shoeisha.jp/mzday/20251111/session/6320,OK
株式会社DearOne,川村 兼一郎,執行役員／ビジネス推進部 ゼネラルマネジャー,2025-11-11,,https://event.shoeisha.jp/mzday/20251111,https://event.shoeisha.jp/mzday/20251111/session/6320,OK
株式会社DearOne,南口 浩輝,ビジネス推進部 リーダー,2025-11-11,,https://event.shoeisha.jp/mzday/20251111,https://event.shoeisha.jp/mzday/20251111/session/6320,OK
ソニーマーケティング株式会社,長澤 一樹,B2Bビジネス本部 エンタープライズ営業部門 プロダクツソリューション営業部,2025-11-11,,https://event.shoeisha.jp/mzday/20251111,https://event.shoeisha.jp/mzday/20251111/session/6321,OK
iU大学,江端 浩人,教授 江端浩人事務所 代表,2024-06-11,,https://event.shoeisha.jp/mzday/20240611,https://event.shoeisha.jp/mzday/20240611/session/5003,OK
一般社団法人渋谷未来デザイン,長田 新子,理事・事務局長,2024-06-11,,https://event.shoeisha.jp/mzday/20240611,https://event.shoeisha.jp/mzday/20240611/session/5003,OK
ダイキン工業株式会社,東 沙矢子,総務部 広告宣伝グループ,2024-06-11,,https://event.shoeisha.jp/mzday/20240611,https://event.shoeisha.jp/mzday/20240611/session/5007,OK
株式会社リコー,今村 綾子,グラフィックコミュニケーションズ グローバル販売戦略本部,2024-06-11,,https://event.shoeisha.jp/mzday/20240611,https://event.shoeisha.jp/mzday/20240611/session/5012,OK
フリー株式会社,鎌田 貴史,SMB事業本部 マーケティング部 部長（デマンドセンター管轄）,2024-06-11,,https://event.shoeisha.jp/mzday/20240611,https://event.shoeisha.jp/mzday/20240611/session/5012,OK
株式会社EVeM,富家 翔平,Marketing Director,2024-06-11,,https://event.shoeisha.jp/mzday/20240611,https://event.shoeisha.jp/mzday/20240611/session/5012,OK
株式会社ヤプリ,金子 洋平,執行役員CCO,2024-06-11,,https://event.shoeisha.jp/mzday/20240611,https://event.shoeisha.jp/mzday/20240611/session/5006,OK
阪急阪神ホールディングス株式会社,山本 隆弘,グループ開発室 DXプロジェクト推進部長,2024-06-11,,https://event.shoeisha.jp/mzday/20240611,https://event.shoeisha.jp/mzday/20240611/session/5008,OK
アイテック阪急阪神株式会社,垣之内 章平,イノベーション＆アライアンス推進本部 DX事業推進部 担当部長,2024-06-11,,https://event.shoeisha.jp/mzday/20240611,https://event.shoeisha.jp/mzday/20240611/session/5008,OK
インキュデータ株式会社,加松 亨,ビジネスプロデュース本部 本部長,2024-06-11,,https://event.shoeisha.jp/mzday/20240611,https://event.shoeisha.jp/mzday/20240611/session/5008,OK
インキュデータ株式会社,鈴木 啓生,ソリューション本部 データプラットフォーム部,2024-06-11,,https://event.shoeisha.jp/mzday/20240611,https://event.shoeisha.jp/mzday/20240611/session/5008,OK
Teads Japan株式会社,川口 瑞浩,Senior Sales Director,2024-06-11,,https://event.shoeisha.jp/mzday/20240611,https://event.shoeisha.jp/mzday/20240611/session/5010,OK
ネスレ日本株式会社,西﨑 育男,マーケティング&コミュニケーション本部 媒体統括室 メディアスペシャリスト,2024-06-11,,https://event.shoeisha.jp/mzday/20240611,https://event.shoeisha.jp/mzday/20240611/session/5010,OK
株式会社電通デジタル,根本 逸平,第2アカウントプランニング部門 関西事業部 チーフマーケティングプランナー,2024-06-11,,https://event.shoeisha.jp/mzday/20240611,https://event.shoeisha.jp/mzday/20240611/session/5010,OK
株式会社MIXI,青山 智史,デジタルエンターテインメントオペレーションズ本部 事業戦略部 部長,2024-11-13,,https://event.shoeisha.jp/mzday/20241113,https://event.shoeisha.jp/mzday/20241113/session/5338,OK
株式会社ファミリーマート,国立 冬樹,デジタル事業本部 デジタル事業部長,2024-11-13,,https://event.shoeisha.jp/mzday/20241113,https://event.shoeisha.jp/mzday/20241113/session/5339,OK
株式会社ツルハホールディングス,小橋 義浩,執行役員 経営戦略本部長 兼 情報システム本部長,2024-11-13,,https://event.shoeisha.jp/mzday/20241113,https://event.shoeisha.jp/mzday/20241113/session/5339,OK
株式会社翔泳社,道上 飛翔,MarkeZine編集部 副編集長 ホーム,2024-11-13,,https://event.shoeisha.jp/mzday/20241113,https://event.shoeisha.jp/mzday/20241113/session/5339,OK
日本ケンタッキー・フライド・チキン株式会社,平田 雄己,EコマースCRM部 部長代行,2024-11-13,,https://event.shoeisha.jp/mzday/20241113,https://event.shoeisha.jp/mzday/20241113/session/5344,OK
株式会社インテージ,榎本 裕,データマネジメント事業本部 企画推進部,2024-11-13,,https://event.shoeisha.jp/mzday/20241113,https://event.shoeisha.jp/mzday/20241113/session/5345,OK
株式会社ウェザーニューズ,村田 泰謁,総合プロデューサー,2024-11-13,,https://event.shoeisha.jp/mzday/20241113,https://event.shoeisha.jp/mzday/20241113/session/5350,OK
株式会社ユナイテッドアローズ,岩井 一紘,OMO本部 本部長,2024-11-13,,https://event.shoeisha.jp/mzday/20241113,https://event.shoeisha.jp/mzday/20241113/session/5351,OK
株式会社サイバーエージェント,松野 みどり,サイバーエージェント次世代生活研究所 マネージャー・上席研究員,2024-11-13,,https://event.shoeisha.jp/mzday/20241113,https://event.shoeisha.jp/mzday/20241113/session/5356,OK
ハイネケン・ジャパン株式会社,須田 伸,マーケティング部 ディレクター,2024-11-13,,https://event.shoeisha.jp/mzday/20241113,https://event.shoeisha.jp/mzday/20241113/session/5357,OK
株式会社翔泳社,土屋 典正,MarkeZine編集部,2024-11-13,,https://event.shoeisha.jp/mzday/20241113,https://event.shoeisha.jp/mzday/20241113/session/5357,OK
Repro株式会社,中野 竜太郎,Sales & Marketing Division Marketing Team,2024-11-13,,https://event.shoeisha.jp/mzday/20241113,https://event.shoeisha.jp/mzday/20241113/session/5340,OK
株式会社NODE,石田 直行,マーケティング&セールス統括,2024-11-13,,https://event.shoeisha.jp/mzday/20241113,https://event.shoeisha.jp/mzday/20241113/session/5346,OK
株式会社フェズ,根津 スティーブン遥,リテールメディア事業本部 ビジネス開発部 部長,2024-11-13,,https://event.shoeisha.jp/mzday/20241113,https://event.shoeisha.jp/mzday/20241113/session/5343,OK
株式会社スタイリングライフ・ホールディングス,佐々木 透,マーケティング本部 PR・コミュニケーション部 担当課長,2024-11-13,,https://event.shoeisha.jp/mzday/20241113,https://event.shoeisha.jp/mzday/20241113/session/5347,OK
株式会社unerry,一枝 悟史,リテール・メディア事業開発担当VP,2024-11-13,,https://event.shoeisha.jp/mzday/20241113,https://event.shoeisha.jp/mzday/20241113/session/5347,OK
株式会社unerry,熊坂 友貴,リテール・メディア事業開発 IMCプランナー,2024-11-13,,https://event.shoeisha.jp/mzday/20241113,https://event.shoeisha.jp/mzday/20241113/session/5347,OK
株式会社MADS,工藤 裕貴,広告事業部 部長,2024-11-13,,https://event.shoeisha.jp/mzday/20241113,https://event.shoeisha.jp/mzday/20241113/session/5349,OK
株式会社セールスフォース・ジャパン,小川 哲,インダストリーアドバイザー本部 CX & ロイヤルティ・小売ディレクター,2024-11-13,,https://event.shoeisha.jp/mzday/20241113,https://event.shoeisha.jp/mzday/20241113/session/5353,OK
アサヒビール株式会社,玉手 健志,マーケティング本部 ビールマーケティング部 担当副部長,2023-11-15,,https://event.shoeisha.jp/mzday/20231115,https://event.shoeisha.jp/mzday/20231115/session/4651/,OK
パナソニック株式会社,山本 秀子,キッチン空間事業部 冷蔵庫・食洗機ビジネスユニット 国内マーケティング部,2023-11-15,,https://event.shoeisha.jp/mzday/20231115,https://event.shoeisha.jp/mzday/20231115/session/4674/,OK
パナソニック株式会社,楠 健吾,キッチン空間事業部 冷蔵庫・食洗機ビジネスユニット 食洗機技術部 ホーム,2023-11-15,,https://event.shoeisha.jp/mzday/20231115,https://event.shoeisha.jp/mzday/20231115/session/4674/,OK
株式会社ベイシア,戸枝 智存,マーケティング本部 e-コマース部 部長,2023-11-15,,https://event.shoeisha.jp/mzday/20231115,https://event.shoeisha.jp/mzday/20231115/session/4677/,OK
イオンリテール株式会社,田中 香織,デジタル企画部 マネージャー,2023-11-15,,https://event.shoeisha.jp/mzday/20231115,https://event.shoeisha.jp/mzday/20231115/session/4678/,OK
株式会社ワコール,南 智沙,マーケティング本部 イノベーション戦略室 サービスデザイン担当 課長代理,2023-11-15,,https://event.shoeisha.jp/mzday/20231115,https://event.shoeisha.jp/mzday/20231115/session/4682/,OK
株式会社ストークメディエーション,稲葉 菜月,CBO／COLORISブランドマネージャー,2023-11-15,,https://event.shoeisha.jp/mzday/20231115,https://event.shoeisha.jp/mzday/20231115/session/4685/,OK
株式会社翔泳社,渡辺 佳奈,MarkeZine編集部,2023-11-15,,https://event.shoeisha.jp/mzday/20231115,https://event.shoeisha.jp/mzday/20231115/session/4685/,OK
株式会社SHIBUYA109エンタテイメント,長田 麻衣,マーケティング部 SHIBUYA109 lab.所長,2023-11-15,,https://event.shoeisha.jp/mzday/20231115,https://event.shoeisha.jp/mzday/20231115/session/4686/,OK
資生堂インタラクティブビューティー株式会社,河原 由香理,DX本部 オムニエクスペリエンス推進部 オムニPBP企画グループ,2023-11-15,,https://event.shoeisha.jp/mzday/20231115,https://event.shoeisha.jp/mzday/20231115/session/4690/,OK
株式会社翔泳社,齋藤 ゆう,MarkeZine編集部,2023-11-15,,https://event.shoeisha.jp/mzday/20231115,https://event.shoeisha.jp/mzday/20231115/session/4690/,OK
株式会社ハッピーアワーズ博報堂,石口 翼,アクティベーションディレクター,2023-11-15,,https://event.shoeisha.jp/mzday/20231115,https://event.shoeisha.jp/mzday/20231115/session/4693/,OK
株式会社マインディア,田中 龍,セールス本部長 CCO 兼 CRO,2023-11-15,,https://event.shoeisha.jp/mzday/20231115,https://event.shoeisha.jp/mzday/20231115/session/4671/,OK
株式会社キーエンス,佐々木 耀,データアナリティクス事業グループ,2023-11-15,,https://event.shoeisha.jp/mzday/20231115,https://event.shoeisha.jp/mzday/20231115/session/4675/,OK
株式会社セールスフォース・ジャパン,小川 哲,インダストリートランスフォーメーション事業本部 小売消費財業界シニアマネージャー リテール・ストラテジスト,2023-11-15,,https://event.shoeisha.jp/mzday/20231115,https://event.shoeisha.jp/mzday/20231115/session/4676/,OK
Braze株式会社,伴田 有香,プロダクト＆グロース本部,2023-11-15,,https://event.shoeisha.jp/mzday/20231115,https://event.shoeisha.jp/mzday/20231115/session/4680/,OK
日本ケロッグ合同会社,山田 実,執行役員 マーケティング本部長,2023-11-15,,https://event.shoeisha.jp/mzday/20231115,https://event.shoeisha.jp/mzday/20231115/session/4683/,OK
株式会社セブン‐イレブン・ジャパン,杉浦 克樹,マーケティング本部 リテールメディア推進部 総括マネジャー,2023-11-15,,https://event.shoeisha.jp/mzday/20231115,https://event.shoeisha.jp/mzday/20231115/session/4687/,OK
株式会社翔泳社,渡辺 佳奈,MarkeZine編集部,2023-11-15,,https://event.shoeisha.jp/mzday/20231115,https://event.shoeisha.jp/mzday/20231115/session/4687/,OK
CRITEO株式会社,兼川 泰典,Retail Partnership Strategist,2023-11-15,,https://event.shoeisha.jp/mzday/20231115,https://event.shoeisha.jp/mzday/20231115/session/4688/,OK
Micoworks株式会社,大里 紀雄,ビジネスマーケティング部 Director,2023-11-15,,https://event.shoeisha.jp/mzday/20231115,https://event.shoeisha.jp/mzday/20231115/session/4689/,OK
株式会社パン・パシフィック・インターナショナルホールディングス,宮本 慎太,マーケティング戦略本部 マーケティング戦略部 マジボイス推進課,2025-03-05,,https://event.shoeisha.jp/mzday/20250305,https://event.shoeisha.jp/mzday/20250305/session/5617,OK
株式会社翔泳社,吉永 翠,MarkeZine編集部,2025-03-05,,https://event.shoeisha.jp/mzday/20250305,https://event.shoeisha.jp/mzday/20250305/session/5617,OK
青山学院大学,久保田 進彦,経営学部 教授,2025-03-05,,https://event.shoeisha.jp/mzday/20250305,https://event.shoeisha.jp/mzday/20250305/session/5669,OK
サッポロビール株式会社,武内 亮人,常務執行役員 マーケティング本部長,2025-03-05,,https://event.shoeisha.jp/mzday/20250305,https://event.shoeisha.jp/mzday/20250305/session/5669,OK
株式会社リクルート,工藤 照久,プロダクトデザイン室 オペレーションデザインユニット,2025-03-05,,https://event.shoeisha.jp/mzday/20250305,https://event.shoeisha.jp/mzday/20250305/session/5670,OK
サントリーホールディングス株式会社,宮城 愛彦,デザインセンター シニアクリエイティブディレクター,2025-03-05,,https://event.shoeisha.jp/mzday/20250305,https://event.shoeisha.jp/mzday/20250305/session/5729,OK
マーケティングエンジン株式会社,高広 伯彦,代表,2025-03-05,,https://event.shoeisha.jp/mzday/20250305,https://event.shoeisha.jp/mzday/20250305/session/5730,OK
ディップ株式会社,中村 大亮,マーケティング本部長,2025-03-05,,https://event.shoeisha.jp/mzday/20250305,https://event.shoeisha.jp/mzday/20250305/session/5731,OK
花王株式会社,手島 佑梨,ハイジーンリビングケア事業部門 サニタリー事業部 シニアマーケター,2025-03-05,,https://event.shoeisha.jp/mzday/20250305,https://event.shoeisha.jp/mzday/20250305/session/5706,OK
株式会社NTTドコモ,梅津 舞,ブランドコミュニケーション部 コーポレートブランド担当,2025-03-05,,https://event.shoeisha.jp/mzday/20250305,https://event.shoeisha.jp/mzday/20250305/session/5707,OK
株式会社GOKKO,中矢 啓樹,ビジネス部門統括 執行役員,2025-03-05,,https://event.shoeisha.jp/mzday/20250305,https://event.shoeisha.jp/mzday/20250305/session/5707,OK
エン・ジャパン株式会社,白石 勝也,ブランド企画室 編集チーム チーフエディター,2025-03-05,,https://event.shoeisha.jp/mzday/20250305,https://event.shoeisha.jp/mzday/20250305/session/5738,OK
NTTコミュニケーションズ株式会社,戸松 正剛,ビジネスソリューション本部 マーケティング部門 部門長 OPEN HUB for Smart World代表,2025-03-05,,https://event.shoeisha.jp/mzday/20250305,https://event.shoeisha.jp/mzday/20250305/session/5739,OK
株式会社セブン銀行,西嵜 靖子,コーポレート・トランスフォーメーション部 CX推進グループ データマネジメントオフィス 調査役,2025-03-05,,https://event.shoeisha.jp/mzday/20250305,https://event.shoeisha.jp/mzday/20250305/session/5726,OK
日本ハム株式会社,岡村 香里,加工事業本部 マーケティング統括部 マーケティング室 ブランドマネジメント課 リーダー,2025-03-05,,https://event.shoeisha.jp/mzday/20250305,https://event.shoeisha.jp/mzday/20250305/session/5728,OK
株式会社タイミー,中川 祥一,執行役員CMO,2025-03-05,,https://event.shoeisha.jp/mzday/20250305,https://event.shoeisha.jp/mzday/20250305/session/5759,OK
株式会社TENTIAL,岩松 泰平,事業本部 副本部長,2025-03-05,,https://event.shoeisha.jp/mzday/20250305,https://event.shoeisha.jp/mzday/20250305/session/5759,OK
株式会社Sales,花田 海,Marker Sales Marker事業本部 本部長,2025-03-05,,https://event.shoeisha.jp/mzday/20250305,https://event.shoeisha.jp/mzday/20250305/session/5734,OK
株式会社クラレ,中東 孝夫,経営企画室 室長補佐,2025-03-05,,https://event.shoeisha.jp/mzday/20250305,https://event.shoeisha.jp/mzday/20250305/session/5760,OK
株式会社サイバーエージェント,塚本 泰隆,AbemaTV編成統括本部 スポーツエンタメ局 局長,2025-03-05,,https://event.shoeisha.jp/mzday/20250305,https://event.shoeisha.jp/mzday/20250305/session/5761,OK
サントリー株式会社,馬場 直也,コミュニケーション本部 酒CRM部長,2025-03-05,,https://event.shoeisha.jp/mzday/20250305,https://event.shoeisha.jp/mzday/20250305/session/5714,OK
株式会社翔泳社,齋藤 ゆう,MarkeZine編集部,2025-03-05,,https://event.shoeisha.jp/mzday/20250305,https://event.shoeisha.jp/mzday/20250305/session/5714,OK
KDDI株式会社,馬場 治,ブランド・コミュニケーション本部 コミュニケーションデザイン部 Web企画グループリーダー,2025-03-05,,https://event.shoeisha.jp/mzday/20250305,https://event.shoeisha.jp/mzday/20250305/session/5716,OK
株式会社ロッテ,久保田 祐揮,マーケティング本部 第一ブランド戦略部 焼き菓子企画課 主査,2025-03-05,,https://event.shoeisha.jp/mzday/20250305,https://event.shoeisha.jp/mzday/20250305/session/5747,OK
株式会社JTB,堺 亮介,ビジネスソリューション事業本部 事業推進部 事業推進チーム ミーティング＆イベント担当グループリーダー,2025-03-05,,https://event.shoeisha.jp/mzday/20250305,https://event.shoeisha.jp/mzday/20250305/session/5748,OK
株式会社JTB,前澤 美保,ビジネスソリューション事業本部 事業推進部 マーケティングチーム マネージャー,2025-03-05,,https://event.shoeisha.jp/mzday/20250305,https://event.shoeisha.jp/mzday/20250305/session/5748,OK
九州旅客鉄道株式会社,山田 和弘,事業開発本部 デジタル事業創造部 副課長,2025-03-05,,https://event.shoeisha.jp/mzday/20250305,https://event.shoeisha.jp/mzday/20250305/session/5749,OK
株式会社ヴァリューズ,榊 規宇,データマーケティング局 コンサルティングG マネジャー/マーケティングコンサルタント,2025-03-05,,https://event.shoeisha.jp/mzday/20250305,https://event.shoeisha.jp/mzday/20250305/session/5702,OK
株式会社シャノン,村尾 慶尚,マーケティング部 部長,2025-03-05,,https://event.shoeisha.jp/mzday/20250305,https://event.shoeisha.jp/mzday/20250305/session/5711,OK
株式会社シャノン,二見 康太,マーケティング部,2025-03-05,,https://event.shoeisha.jp/mzday/20250305,https://event.shoeisha.jp/mzday/20250305/session/5711,OK
スマートニュース株式会社,今治 和也,広告代理店第二事業部 事業本部長,2025-03-05,,https://event.shoeisha.jp/mzday/20250305,https://event.shoeisha.jp/mzday/20250305/session/5717,OK
株式会社ジモティー,小野 有美,メディアセールス部 執行役員,2025-03-05,,https://event.shoeisha.jp/mzday/20250305,https://event.shoeisha.jp/mzday/20250305/session/5717,OK
株式会社TimeTree,新保 周,執行役員 マーケティングソリューション本部 本部長,2025-03-05,,https://event.shoeisha.jp/mzday/20250305,https://event.shoeisha.jp/mzday/20250305/session/5717,OK
株式会社博報堂ＤＹホールディングス,北川 雄一朗,統合マーケティングプラットフォーム推進室 グループマネージャー,2025-03-05,,https://event.shoeisha.jp/mzday/20250305,https://event.shoeisha.jp/mzday/20250305/session/5720,OK
株式会社博報堂ＤＹホールディングス,竹村 剛一良,統合マーケティングプラットフォーム推進室 AI･テクノロジーグループ,2025-03-05,,https://event.shoeisha.jp/mzday/20250305,https://event.shoeisha.jp/mzday/20250305/session/5720,OK
株式会社ジーニー,井上 翔志郎,執行役員,2025-03-05,,https://event.shoeisha.jp/mzday/20250305,https://event.shoeisha.jp/mzday/20250305/session/5723,OK
株式会社ADKマーケティング・ソリューションズ,北村 崇,マーケティング インテリジェンス本部 データストラテジスト局 局長,2025-03-05,,https://event.shoeisha.jp/mzday/20250305,https://event.shoeisha.jp/mzday/20250305/session/5703,OK
株式会社翔泳社,道上 飛翔,MarkeZine編集部 副編集長,2025-03-05,,https://event.shoeisha.jp/mzday/20250305,https://event.shoeisha.jp/mzday/20250305/session/5703,OK
東芝データ株式会社,宮崎 知弘,データ・ビジネス推進部 部長,2025-03-05,,https://event.shoeisha.jp/mzday/20250305,https://event.shoeisha.jp/mzday/20250305/session/5709,OK
株式会社ビデオリサーチ,宮田 正晃,統括・ソリューションユニット ビジネスソリューショングループ コンサルタント,2025-03-05,,https://event.shoeisha.jp/mzday/20250305,https://event.shoeisha.jp/mzday/20250305/session/5712,OK
株式会社ビデオリサーチ,若狭谷 笑未,統括・ソリューションユニット ビジネスソリューショングループ コンサルタント 兼 ひと研究所 主任研究員,2025-03-05,,https://event.shoeisha.jp/mzday/20250305,https://event.shoeisha.jp/mzday/20250305/session/5712,OK
Meltwater Japan株式会社,山﨑 伊代,エンタープライズセールス アカウントエグゼクティブ,2025-03-05,,https://event.shoeisha.jp/mzday/20250305,https://event.shoeisha.jp/mzday/20250305/session/5718,OK
株式会社テスティー,高山 直人,リサーチ事業部 マネージャー,2025-03-05,,https://event.shoeisha.jp/mzday/20250305,https://event.shoeisha.jp/mzday/20250305/session/5721,OK
株式会社テスティー,沖田 駿太,マーケティング事業本部 シニアマネージャー,2025-03-05,,https://event.shoeisha.jp/mzday/20250305,https://event.shoeisha.jp/mzday/20250305/session/5721,OK
チェク・ジャパン株式会社,外岡 侑樹,シニア エンタープライズ アカウント エグゼクティブ,2025-03-05,,https://event.shoeisha.jp/mzday/20250305,https://event.shoeisha.jp/mzday/20250305/session/5701,OK
ANA X株式会社,石井 敏行,担当部長 ホーム,2025-03-05,,https://event.shoeisha.jp/mzday/20250305,https://event.shoeisha.jp/mzday/20250305/session/5701,OK
株式会社グッドパッチ,酒井 亮輔,デザインディビジョン ゼネラルマネジャー/シニアデザインディレクター,2025-03-05,,https://event.shoeisha.jp/mzday/20250305,https://event.shoeisha.jp/mzday/20250305/session/5713,OK
株式会社グッドパッチ,江原 美佳,デザインディビジョン デザインディレクター／UXデザイナー,2025-03-05,,https://event.shoeisha.jp/mzday/20250305,https://event.shoeisha.jp/mzday/20250305/session/5713,OK
株式会社グッドパッチ,豊田 圭美,デザインディビジョン コピーライター／プランナー,2025-03-05,,https://event.shoeisha.jp/mzday/20250305,https://event.shoeisha.jp/mzday/20250305/session/5713,OK
クアルトリクス合同会社,秋吉 範隆,シニアプリンシパルソリューションエンジニア,2025-03-05,,https://event.shoeisha.jp/mzday/20250305,https://event.shoeisha.jp/mzday/20250305/session/5719,OK
ノバセル株式会社,綿川 奨吾,グロースパートナー事業部 部長,2025-03-05,,https://event.shoeisha.jp/mzday/20250305,https://event.shoeisha.jp/mzday/20250305/session/5732,OK
株式会社博報堂,桑嶋 剛史,HAKUHODO EC+ ビジネスコンサルタント・地域DXソリューションリーダー / コマースコンサルティング局 イノベーションプラニングディレクター,2025-03-05,,https://event.shoeisha.jp/mzday/20250305,https://event.shoeisha.jp/mzday/20250305/session/5741,OK
株式会社博報堂,澤田 航太,HAKUHODO EC+ コンサルタント / コマースコンサルティング局 マーケティングプラニングディレクター,2025-03-05,,https://event.shoeisha.jp/mzday/20250305,https://event.shoeisha.jp/mzday/20250305/session/5741,OK
note株式会社,徳力 基彦,noteプロデューサー/ブロガー,2025-03-05,,https://event.shoeisha.jp/mzday/20250305,https://event.shoeisha.jp/mzday/20250305/session/5744,OK
メルボメンズウェアー株式会社,関 昌稔,DX推進 部長,2025-03-05,,https://event.shoeisha.jp/mzday/20250305,https://event.shoeisha.jp/mzday/20250305/session/5750,OK
株式会社AscentNetworks,西野 敦彦,ソリューション事業部 執行役員兼事業本部長,2025-03-05,,https://event.shoeisha.jp/mzday/20250305,https://event.shoeisha.jp/mzday/20250305/session/5753,OK
株式会社ガラパゴス,内藤 太郎,執行役員,2025-03-05,,https://event.shoeisha.jp/mzday/20250305,https://event.shoeisha.jp/mzday/20250305/session/5756,OK
株式会社CINC,平 大志朗,Keywordmap開発者 共同創業者,2025-03-05,,https://event.shoeisha.jp/mzday/20250305,https://event.shoeisha.jp/mzday/20250305/session/5733,OK
PIANO Japan株式会社,阿部 憲幸,ディレクター ソリューションエンジニア,2025-03-05,,https://event.shoeisha.jp/mzday/20250305,https://event.shoeisha.jp/mzday/20250305/session/5742,OK
株式会社メディアジーン,鈴木 詩織,プロダクト部門ディレクター,2025-03-05,,https://event.shoeisha.jp/mzday/20250305,https://event.shoeisha.jp/mzday/20250305/session/5745,OK
株式会社Faber,月岡 克博,Company 執行役員/エグゼクティブマーケティングディレクター,2025-03-05,,https://event.shoeisha.jp/mzday/20250305,https://event.shoeisha.jp/mzday/20250305/session/5745,OK
株式会社マイナビ,白田 翔也,コンテンツメディア事業本部 マーケティング戦略部 マーケティング2課,2025-03-05,,https://event.shoeisha.jp/mzday/20250305,https://event.shoeisha.jp/mzday/20250305/session/5751,OK
DXO株式会社,青池 優樹,セールスフォワード事業部 マーケティング責任者,2025-03-05,,https://event.shoeisha.jp/mzday/20250305,https://event.shoeisha.jp/mzday/20250305/session/5757,OK
インキュデータ株式会社,栁下 亮平,ソリューション本部 マーケティングソリューション部 データサイエンティスト,2025-03-05,,https://event.shoeisha.jp/mzday/20250305,https://event.shoeisha.jp/mzday/20250305/session/5743,OK
インキュデータ株式会社,矢野 和人,ソリューション本部 マーケティングソリューション部,2025-03-05,,https://event.shoeisha.jp/mzday/20250305,https://event.shoeisha.jp/mzday/20250305/session/5743,OK
アンダーワークス株式会社,近 美冬,コンサルティング事業本部 執行役員／マネージングディレクター,2025-03-05,,https://event.shoeisha.jp/mzday/20250305,https://event.shoeisha.jp/mzday/20250305/session/5746,OK
株式会社セールスフォース・ジャパン,髙木 真樹,ビジネス&ソリューションデザイン本部リードビジネスコンサルタント,2025-03-05,,https://event.shoeisha.jp/mzday/20250305,https://event.shoeisha.jp/mzday/20250305/session/5752,OK
PIVOT株式会社,塩見 拓也,ビジネスプロデュース,2025-03-05,,https://event.shoeisha.jp/mzday/20250305,https://event.shoeisha.jp/mzday/20250305/session/5758,OK
,,,,,https://event.shoeisha.jp/mzday/20221117,,登壇者情報なし
,,,,,https://event.shoeisha.jp/mzday/20220907,,登壇者情報なし
Glico,玉井 博久,Asia Pacific Regional Creative & Digital Senior Manager 兼 江崎グリコ アシスタントグローバルブランドマネージャー,2022-03-09,,https://event.shoeisha.jp/mzday/20220309,https://event.shoeisha.jp/mzday/20220309/session/3584/,OK
株式会社翔泳社,渡辺 佳奈,MarkeZine編集部,2022-03-09,,https://event.shoeisha.jp/mzday/20220309,https://event.shoeisha.jp/mzday/20220309/session/3584/,OK
,,,,,https://event.shoeisha.jp/mzday/20220118,,登壇者情報なし
,,,,,https://event.shoeisha.jp/mzday/20210907,,登壇者情報なし
,,,,,https://event.shoeisha.jp/mzday/20210527,,登壇者情報なし
,,,,,https://event.shoeisha.jp/mzday/20210302,,登壇者情報なし
,,,,,https://event.shoeisha.jp/mzday/20210128,,登壇者情報なし
,,,,,https://event.shoeisha.jp/mzday/20201119,,登壇者情報なし
,,,,,https://event.shoeisha.jp/mzday/20200901,,登壇者情報なし
,,,,,https://event.shoeisha.jp/mzday/20200619,,登壇者情報なし
,,,,,https://event.shoeisha.jp/mzday/20200310,,登壇者情報なし
Meta,田中 湧也,マーケティングサイエンスパートナー,2024-09-11,,https://event.shoeisha.jp/mzday/20240911,https://event.shoeisha.jp/mzday/20240911/session/5184,OK
株式会社博報堂,内濱 大輔,博報堂生活総合研究所 上席研究員,2024-09-11,,https://event.shoeisha.jp/mzday/20240911,https://event.shoeisha.jp/mzday/20240911/session/5186,OK
株式会社メリーチョコレートカムパニー,高田 基位,マーケティング本部 本部長,2024-09-11,,https://event.shoeisha.jp/mzday/20240911,https://event.shoeisha.jp/mzday/20240911/session/5186,OK
株式会社翔泳社,吉永 翠,MarkeZine編集部,2024-09-11,,https://event.shoeisha.jp/mzday/20240911,https://event.shoeisha.jp/mzday/20240911/session/5186,OK
カバヤ食品株式会社,鈴木 義文,トレードマーケティング本部 本部長,2024-09-11,,https://event.shoeisha.jp/mzday/20240911,https://event.shoeisha.jp/mzday/20240911/session/5187,OK
株式会社コレクシア,芹澤 連,コンサルティング事業部 執行役員,2024-09-11,,https://event.shoeisha.jp/mzday/20240911,https://event.shoeisha.jp/mzday/20240911/session/5218,OK
マーケティングエンジン株式会社,高広 伯彦,代表,2024-09-11,,https://event.shoeisha.jp/mzday/20240911,https://event.shoeisha.jp/mzday/20240911/session/5219,OK
株式会社翔泳社,渡辺 佳奈,MarkeZine編集部,2024-09-11,,https://event.shoeisha.jp/mzday/20240911,https://event.shoeisha.jp/mzday/20240911/session/5219,OK
株式会社NTTドコモ,下地 圭子,コンシューマサービスカンパニー カンパニーコーポレート部 兼 マーケティング戦略部,2024-09-11,,https://event.shoeisha.jp/mzday/20240911,https://event.shoeisha.jp/mzday/20240911/session/5220,OK
エン・ジャパン株式会社,田中 奏真,執行役員 マーケティング本部長,2024-09-11,,https://event.shoeisha.jp/mzday/20240911,https://event.shoeisha.jp/mzday/20240911/session/5220,OK
株式会社Mizkan,林 太郎,Holdings 執行役員 日本＋アジア事業 CRM本部長,2024-09-11,,https://event.shoeisha.jp/mzday/20240911,https://event.shoeisha.jp/mzday/20240911/session/5196,OK
株式会社ヤクルト本社,工藤 洋介,業務部 企画調査課 課長,2024-09-11,,https://event.shoeisha.jp/mzday/20240911,https://event.shoeisha.jp/mzday/20240911/session/5227,OK
トヨクモ株式会社,中井 康喜,マーケティング本部 プロモーショングループ マネージャー,2024-09-11,,https://event.shoeisha.jp/mzday/20240911,https://event.shoeisha.jp/mzday/20240911/session/5228,OK
丸紅株式会社,上西 広弥,デジタル・イノベーション部,2024-09-11,,https://event.shoeisha.jp/mzday/20240911,https://event.shoeisha.jp/mzday/20240911/session/5229,OK
丸紅株式会社,伊延 観司,デジタル・イノベーション部,2024-09-11,,https://event.shoeisha.jp/mzday/20240911,https://event.shoeisha.jp/mzday/20240911/session/5229,OK
株式会社ディー・エヌ・エー,村口 賢一郎,ライブストリーミング事業本部 Pococha事業部 Head of Global Marketing,2024-09-11,,https://event.shoeisha.jp/mzday/20240911,https://event.shoeisha.jp/mzday/20240911/session/5215,OK
株式会社ディー・エヌ・エー,川口 隆史,ストラテジー・リサーチグループグループマネージャー,2024-09-11,,https://event.shoeisha.jp/mzday/20240911,https://event.shoeisha.jp/mzday/20240911/session/5215,OK
株式会社翔泳社,土屋 典正,MarkeZine編集部,2024-09-11,,https://event.shoeisha.jp/mzday/20240911,https://event.shoeisha.jp/mzday/20240911/session/5215,OK
アサヒビール株式会社,西村 壮一郎,新ブランド開発部 部長,2024-09-11,,https://event.shoeisha.jp/mzday/20240911,https://event.shoeisha.jp/mzday/20240911/session/5217,OK
株式会社ビーケージャパンホールディングス,麦 敏光,マーケティング本部 マーケティングディレクター,2024-09-11,,https://event.shoeisha.jp/mzday/20240911,https://event.shoeisha.jp/mzday/20240911/session/5245,OK
株式会社GiftX,飯髙 悠太,Co-Founder,2024-09-11,,https://event.shoeisha.jp/mzday/20240911,https://event.shoeisha.jp/mzday/20240911/session/5246,OK
株式会社WACUL,安藤 健作,執行役員 CMO,2024-09-11,,https://event.shoeisha.jp/mzday/20240911,https://event.shoeisha.jp/mzday/20240911/session/5246,OK
株式会社博報堂／株式会社SIX,藤平 達之,クリエイティブディレクター／ストラテジスト,2024-09-11,,https://event.shoeisha.jp/mzday/20240911,https://event.shoeisha.jp/mzday/20240911/session/5247,OK
株式会社中川政七商店,中田 勇樹,コミュニケーションデザイン室 MONJUプロジェクトマネジャー,2024-09-11,,https://event.shoeisha.jp/mzday/20240911,https://event.shoeisha.jp/mzday/20240911/session/5203,OK
サッポロホールディングス株式会社,保坂 将志,経営企画部 新規事業準備室 マネージャー,2024-09-11,,https://event.shoeisha.jp/mzday/20240911,https://event.shoeisha.jp/mzday/20240911/session/5204,OK
春日井製菓販売株式会社,原 智彦,おかしな実験室 室長,2024-09-11,,https://event.shoeisha.jp/mzday/20240911,https://event.shoeisha.jp/mzday/20240911/session/5205,OK
株式会社翔泳社,伊藤 桃子,MarkeZine編集部,2024-09-11,,https://event.shoeisha.jp/mzday/20240911,https://event.shoeisha.jp/mzday/20240911/session/5205,OK
第一生命ホールディングス株式会社,鎮目 哲郎,兼 第一生命保険株式会社 デジタルマーケティング部 ラインマネジャー,2024-09-11,,https://event.shoeisha.jp/mzday/20240911,https://event.shoeisha.jp/mzday/20240911/session/5236,OK
株式会社マクニカ,堀野 史郎,マーケティング統括部 統括部長,2024-09-11,,https://event.shoeisha.jp/mzday/20240911,https://event.shoeisha.jp/mzday/20240911/session/5237,OK
トライコーン株式会社,服部 誠,データマーケティング部 SVP of Marketing,2024-09-11,,https://event.shoeisha.jp/mzday/20240911,https://event.shoeisha.jp/mzday/20240911/session/5237,OK
クラシエ株式会社,北原 裕子,経営企画室企画部 兼 CRAZY創造部 課長 兼 くらしの夢中観測所代表,2024-09-11,,https://event.shoeisha.jp/mzday/20240911,https://event.shoeisha.jp/mzday/20240911/session/5238,OK
"株式会社DearOne,",小島 健一,グロースマーケティング部 アナリティクスユニット シニアコンサルタント,2024-09-11,,https://event.shoeisha.jp/mzday/20240911,https://event.shoeisha.jp/mzday/20240911/session/5197,OK
株式会社,大久保 慎,LIFULL LIFULL HOME'S事業本部 Chief Product Officer,2024-09-11,,https://event.shoeisha.jp/mzday/20240911,https://event.shoeisha.jp/mzday/20240911/session/5197,OK
株式会社シャノン,村尾 慶尚,マーケティング部部長,2024-09-11,,https://event.shoeisha.jp/mzday/20240911,https://event.shoeisha.jp/mzday/20240911/session/5200,OK
株式会社シャノン,村野 美咲,マーケティング部,2024-09-11,,https://event.shoeisha.jp/mzday/20240911,https://event.shoeisha.jp/mzday/20240911/session/5200,OK
株式会社EVERRISE,小木曽 正佳,執行役員CMO / プラットフォーム事業部 部長,2024-09-11,,https://event.shoeisha.jp/mzday/20240911,https://event.shoeisha.jp/mzday/20240911/session/5209,OK
株式会社ドーム,神戸 美緒,Marketing ストアマーケティング部/Head of Department（部長）,2024-09-11,,https://event.shoeisha.jp/mzday/20240911,https://event.shoeisha.jp/mzday/20240911/session/5212,OK
株式会社ドーム,松本 大樹,Digital デジタル企画部 インフラチーム/Staff​,2024-09-11,,https://event.shoeisha.jp/mzday/20240911,https://event.shoeisha.jp/mzday/20240911/session/5212,OK
大日本印刷株式会社,梨本 未央,情報イノベーション事業部ハイブリッドマーケティング本部​,2024-09-11,,https://event.shoeisha.jp/mzday/20240911,https://event.shoeisha.jp/mzday/20240911/session/5212,OK
"株式会社Contentserv,",小菅 徹哉,セールスマネジャー,2024-09-11,,https://event.shoeisha.jp/mzday/20240911,https://event.shoeisha.jp/mzday/20240911/session/5212,OK
株式会社Spider,加隈 翔悟,Labs Sales Manager ■株式会社ネオキャリア,2024-09-11,,https://event.shoeisha.jp/mzday/20240911,https://event.shoeisha.jp/mzday/20240911/session/5189,OK
Meltwater Japan株式会社,吉田 純一,Enterprise Account Executive,2024-09-11,,https://event.shoeisha.jp/mzday/20240911,https://event.shoeisha.jp/mzday/20240911/session/5192,OK
Wovn Technologies株式会社,加嶋 優,Marketing Department / Marketing Executive,2024-09-11,,https://event.shoeisha.jp/mzday/20240911,https://event.shoeisha.jp/mzday/20240911/session/5198,OK
株式会社バニッシュ・スタンダード,猪首 充弘,Head of Product,2024-09-11,,https://event.shoeisha.jp/mzday/20240911,https://event.shoeisha.jp/mzday/20240911/session/5198,OK
株式会社Faber,岩本 庸佑,Company アナリティクス/CROチーム エレファントマネージャー,2024-09-11,,https://event.shoeisha.jp/mzday/20240911,https://event.shoeisha.jp/mzday/20240911/session/5201,OK
株式会社電通マクロミルインサイト,今泉 直史,ビジネス開発部 /アカウントリードグループ / グループ長,2024-09-11,,https://event.shoeisha.jp/mzday/20240911,https://event.shoeisha.jp/mzday/20240911/session/5207,OK
株式会社電通ライブ,嶋田 大暉,第1ビジネスクリエーションユニット ストラテジーデザイン部,2024-09-11,,https://event.shoeisha.jp/mzday/20240911,https://event.shoeisha.jp/mzday/20240911/session/5207,OK
株式会社電通ライブ,田村 恭子,第1プロデュースユニット プロデュース5部,2024-09-11,,https://event.shoeisha.jp/mzday/20240911,https://event.shoeisha.jp/mzday/20240911/session/5207,OK
公益社団法人日本プロサッカーリーグ,鈴木 章吾,事業マーケティング本部 マーケティング部 部長,2024-09-11,,https://event.shoeisha.jp/mzday/20240911,https://event.shoeisha.jp/mzday/20240911/session/5210,OK
株式会社primeNumber,濱本 秋紀,Marketing Division VP of Marketing,2024-09-11,,https://event.shoeisha.jp/mzday/20240911,https://event.shoeisha.jp/mzday/20240911/session/5210,OK
株式会社primeNumber,ブライアン,Marketing Division Head of Marketing,2024-09-11,,https://event.shoeisha.jp/mzday/20240911,https://event.shoeisha.jp/mzday/20240911/session/5210,OK
株式会社CARTA,加藤 眞大,COMMUNICATIONS マーケティングプロデュース室 Social AdTrim部,2024-09-11,,https://event.shoeisha.jp/mzday/20240911,https://event.shoeisha.jp/mzday/20240911/session/5213,OK
株式会社CARTA,平仲 綾沙,COMMUNICATIONS セールス&パートナーシップス・ディビジョン パートナーセールス2局 営業4部,2024-09-11,,https://event.shoeisha.jp/mzday/20240911,https://event.shoeisha.jp/mzday/20240911/session/5213,OK
コミューン株式会社,新山 恒平,インサイドセールス部部長,2024-09-11,,https://event.shoeisha.jp/mzday/20240911,https://event.shoeisha.jp/mzday/20240911/session/5190,OK
UUUM株式会社,宮﨑 航,執行役員 マーケティングパートナー／プロダクション領域,2024-09-11,,https://event.shoeisha.jp/mzday/20240911,https://event.shoeisha.jp/mzday/20240911/session/5199,OK
UUUM株式会社,水溜りボンド トミー,,2024-09-11,,https://event.shoeisha.jp/mzday/20240911,https://event.shoeisha.jp/mzday/20240911/session/5199,OK
UUUM株式会社,けーさんとたろー,,2024-09-11,,https://event.shoeisha.jp/mzday/20240911,https://event.shoeisha.jp/mzday/20240911/session/5199,OK
インキュデータ株式会社,柳下 亮平,ソリューション本部 データサイエンス部 データサイエンティスト,2024-09-11,,https://event.shoeisha.jp/mzday/20240911,https://event.shoeisha.jp/mzday/20240911/session/5202,OK
インキュデータ株式会社,海田 裕司,ソリューション本部 データマーケティング部 部長,2024-09-11,,https://event.shoeisha.jp/mzday/20240911,https://event.shoeisha.jp/mzday/20240911/session/5202,OK
インキュデータ株式会社,遠藤 愛実,広報マーケティング本部 兼 ビジネスプロデュース本部 アカウントプランニング部,2024-09-11,,https://event.shoeisha.jp/mzday/20240911,https://event.shoeisha.jp/mzday/20240911/session/5202,OK
株式会社博報堂,中田 早紀,コマースコンサルティング局リテールDX推進グループ マーケティングプラニングディレクター,2024-09-11,,https://event.shoeisha.jp/mzday/20240911,https://event.shoeisha.jp/mzday/20240911/session/5208,OK
株式会社ホリプロ,小嶋 俊介,公演事業本部ファクトリー部営業部長,2024-09-11,,https://event.shoeisha.jp/mzday/20240911,https://event.shoeisha.jp/mzday/20240911/session/5316,OK
株式会社ベルーナ,宮崎 聡,EC事業本部 Eマーケティング部 Eマーケティング室 課長代理 兼 企画本部 第3企画室 参事,2024-09-11,,https://event.shoeisha.jp/mzday/20240911,https://event.shoeisha.jp/mzday/20240911/session/5318,OK
株式会社PLAN-B,村上 喬政,SEARCH WRITE事業部 事業部長,2024-09-11,,https://event.shoeisha.jp/mzday/20240911,https://event.shoeisha.jp/mzday/20240911/session/5214,OK
株式会社PLAN-B,松本 健吾,マーケティング部 SEARCH WRITEグループ PMM（プロダクトマーケティングマネージャー）,2024-09-11,,https://event.shoeisha.jp/mzday/20240911,https://event.shoeisha.jp/mzday/20240911/session/5214,OK
株式会社アイスタイル,原田 彩子,@cosmeリサーチプランナー,2024-09-11,,https://event.shoeisha.jp/mzday/20240911,https://event.shoeisha.jp/mzday/20240911/session/5224,OK
株式会社ヴァリューズ,水野 夏菜,データマーケティング局 マーケティングコンサルタント,2024-09-11,,https://event.shoeisha.jp/mzday/20240911,https://event.shoeisha.jp/mzday/20240911/session/5224,OK
株式会社良品計画,建石 帆乃香,食品部マーケティング担当,2024-09-11,,https://event.shoeisha.jp/mzday/20240911,https://event.shoeisha.jp/mzday/20240911/session/5230,OK
株式会社良品計画,服部 真知,食品部 菓子担当,2024-09-11,,https://event.shoeisha.jp/mzday/20240911,https://event.shoeisha.jp/mzday/20240911/session/5230,OK
株式会社構造計画研究所,田中 琴音,クラウドビジネス部 マーケティング室,2024-09-11,,https://event.shoeisha.jp/mzday/20240911,https://event.shoeisha.jp/mzday/20240911/session/5233,OK
株式会社ユーザーローカル,千村 甲斐,コーポレートセールス カスタマーサクセス,2024-09-11,,https://event.shoeisha.jp/mzday/20240911,https://event.shoeisha.jp/mzday/20240911/session/5239,OK
STORES 株式会社,内田 皓大,執行役員 リテール法人部門 部門長,2024-09-11,,https://event.shoeisha.jp/mzday/20240911,https://event.shoeisha.jp/mzday/20240911/session/5242,OK
SimilarWeb Japan株式会社,米田 匡克,カントリーマネージャー,2024-09-11,,https://event.shoeisha.jp/mzday/20240911,https://event.shoeisha.jp/mzday/20240911/session/5225,OK
共同印刷株式会社,横田 ゆい,プロモーションメディア事業部,2024-09-11,,https://event.shoeisha.jp/mzday/20240911,https://event.shoeisha.jp/mzday/20240911/session/5231,OK
共同印刷株式会社,吉丸 滋美,経営企画本部 戦略推進部 WIC@LABチーフディレクター,2024-09-11,,https://event.shoeisha.jp/mzday/20240911,https://event.shoeisha.jp/mzday/20240911/session/5231,OK
株式会社ディー・エル・イー,成島 宏平,コンテンツ事業本部 本部長 2018年 DLE入社：複数のキャラクターマーケティング案件のプロデュースを担当,2024-09-11,,https://event.shoeisha.jp/mzday/20240911,https://event.shoeisha.jp/mzday/20240911/session/5234,OK
アドビ株式会社,宇野 香織,シニアマネージャー,2024-09-11,,https://event.shoeisha.jp/mzday/20240911,https://event.shoeisha.jp/mzday/20240911/session/5240,OK
株式会社TSI,片岡 賢太,プラットフォーム本部 デジタルマーケティング部 データマネジメント課,2024-09-11,,https://event.shoeisha.jp/mzday/20240911,https://event.shoeisha.jp/mzday/20240911/session/5223,OK
株式会社TSI,嘉手川 恵里,プラットフォーム本部 デジタルマーケティング部 データマネジメント課,2024-09-11,,https://event.shoeisha.jp/mzday/20240911,https://event.shoeisha.jp/mzday/20240911/session/5223,OK
株式会社TSI,大脇 椋,プラットフォーム本部 デジタルマーケティング部 データマネジメント課,2024-09-11,,https://event.shoeisha.jp/mzday/20240911,https://event.shoeisha.jp/mzday/20240911/session/5223,OK
株式会社プレイド,中野 康平,Sales & Origination Sales Manager,2024-09-11,,https://event.shoeisha.jp/mzday/20240911,https://event.shoeisha.jp/mzday/20240911/session/5223,OK
株式会社セールスフォース・ジャパン,髙木 真樹,ソリューション統括本部 ビジネス&ソリューションデザイン本部 B2Cユニット,2024-09-11,,https://event.shoeisha.jp/mzday/20240911,https://event.shoeisha.jp/mzday/20240911/session/5226,OK
株式会社エキップ（花王グループ）,海野 友博,D2C推進部 CRMプラットフォームチーム マネージャー,2024-09-11,,https://event.shoeisha.jp/mzday/20240911,https://event.shoeisha.jp/mzday/20240911/session/5235,OK
チーターデジタル株式会社,丸山 和人,シニアマーケティングコンサルタント,2024-09-11,,https://event.shoeisha.jp/mzday/20240911,https://event.shoeisha.jp/mzday/20240911/session/5235,OK
株式会社データX,江波戸 水紀,Marketing Unit Manager,2024-09-11,,https://event.shoeisha.jp/mzday/20240911,https://event.shoeisha.jp/mzday/20240911/session/5241,OK
株式会社プリンシプル,清家 将太,広告チームリーダー - シニアコンサルタント,2024-09-11,,https://event.shoeisha.jp/mzday/20240911,https://event.shoeisha.jp/mzday/20240911/session/5244,OK
Sansan株式会社,岩田 敏弥,Sansan事業部 マーケティング部 オンラインプロモーショングループ,2024-02-27,,https://event.shoeisha.jp/mzday/20240227,https://event.shoeisha.jp/mzday/20240227/session/4906,OK
株式会社JTB,前澤 美保,ビジネスソリューション事業本部 マーケティングチーム,2024-02-27,,https://event.shoeisha.jp/mzday/20240227,https://event.shoeisha.jp/mzday/20240227/session/4906,OK
株式会社primeNumber,ブライアン,マーケティング本部 Head of Marketing,2024-02-27,,https://event.shoeisha.jp/mzday/20240227,https://event.shoeisha.jp/mzday/20240227/session/4906,OK
アクティブ合同会社,藤原 尚也,CEO,2024-02-27,,https://event.shoeisha.jp/mzday/20240227,https://event.shoeisha.jp/mzday/20240227/session/4927,OK
株式会社THINKフィットネス,荒川 大介,ゴールドジム事業部,2024-02-27,,https://event.shoeisha.jp/mzday/20240227,https://event.shoeisha.jp/mzday/20240227/session/4927,OK
株式会社物語コーポレーション,霜山 北斗,開発企画部 部長,2024-02-27,,https://event.shoeisha.jp/mzday/20240227,https://event.shoeisha.jp/mzday/20240227/session/4928,OK
早稲田大学,恩藏 直人,商学学術院 教授 / 公益社団法人日本マーケティング協会 理事長,2024-02-27,,https://event.shoeisha.jp/mzday/20240227,https://event.shoeisha.jp/mzday/20240227/session/4949,OK
株式会社博報堂,岩﨑 拓,執行役員,2024-02-27,,https://event.shoeisha.jp/mzday/20240227,https://event.shoeisha.jp/mzday/20240227/session/4949,OK
株式会社翔泳社,道上 飛翔,MarkeZine編集部 副編集長,2024-02-27,,https://event.shoeisha.jp/mzday/20240227,https://event.shoeisha.jp/mzday/20240227/session/4949,OK
株式会社SUBARU,安室 敦史,国内営業本部 マーケティング推進部 宣伝課 課長（兼）ビジネスイノベーション部 カスタマーエクスペリエンスグループ 主査,2024-02-27,,https://event.shoeisha.jp/mzday/20240227,https://event.shoeisha.jp/mzday/20240227/session/4925,OK
株式会社はなまる,髙口 裕之,企画本部 チーフマーケティングオフィサー（CMO）,2024-02-27,,https://event.shoeisha.jp/mzday/20240227,https://event.shoeisha.jp/mzday/20240227/session/4926,OK
株式会社ミスミ,津田 奈都葵,マーケティング推進室 ブランド戦略チーム チーフディレクター,2024-02-27,,https://event.shoeisha.jp/mzday/20240227,https://event.shoeisha.jp/mzday/20240227/session/4947,OK
株式会社北尾企画事務所,北尾 昌大,クリエーティブ・ディレクター,2024-02-27,,https://event.shoeisha.jp/mzday/20240227,https://event.shoeisha.jp/mzday/20240227/session/4947,OK
株式会社翔泳社,吉永 翠,MarkeZine編集部,2024-02-27,,https://event.shoeisha.jp/mzday/20240227,https://event.shoeisha.jp/mzday/20240227/session/4947,OK
株式会社マクアケ,北原 成憲,専門性執行役員／R&Dプロデューサー,2024-02-27,,https://event.shoeisha.jp/mzday/20240227,https://event.shoeisha.jp/mzday/20240227/session/4969,OK
キヤノンマーケティングジャパン株式会社,横山 武尚,コンスーマビジネスユニット コンスーマ事業戦略本部 本部長,2024-02-27,,https://event.shoeisha.jp/mzday/20240227,https://event.shoeisha.jp/mzday/20240227/session/4969,OK
きぬた歯科,きぬた 泰和,院長,2024-02-27,,https://event.shoeisha.jp/mzday/20240227,https://event.shoeisha.jp/mzday/20240227/session/4970,OK
iU大学,江端 浩人,教授 江端浩人事務所 代表,2024-02-27,,https://event.shoeisha.jp/mzday/20240227,https://event.shoeisha.jp/mzday/20240227/session/4913,OK
資生堂ジャパン株式会社,北原 規稚子,マーケティングリレーション本部長,2024-02-27,,https://event.shoeisha.jp/mzday/20240227,https://event.shoeisha.jp/mzday/20240227/session/4913,OK
株式会社タイミー,木村 真依,BX（Brand Experience）部長（PR・ブランディング・ブランドエディター統括）,2024-02-27,,https://event.shoeisha.jp/mzday/20240227,https://event.shoeisha.jp/mzday/20240227/session/4913,OK
サイボウズ株式会社,神保 麻希,マーケティング本部 ブランディング部 サイボウズ式編集長,2024-02-27,,https://event.shoeisha.jp/mzday/20240227,https://event.shoeisha.jp/mzday/20240227/session/4914,OK
株式会社マネーフォワード,清水 克展,マネーフォワードビジネスカンパニー 横断マーケティング本部 SEO・メディア部 部長,2024-02-27,,https://event.shoeisha.jp/mzday/20240227,https://event.shoeisha.jp/mzday/20240227/session/4914,OK
株式会社翔泳社,土屋 典正,MarkeZine編集部,2024-02-27,,https://event.shoeisha.jp/mzday/20240227,https://event.shoeisha.jp/mzday/20240227/session/4914,OK
株式会社LIFULL,畠山 大樹,クリエイティブ本部 ブランドコミュニケーション部 コーポレートブランドユニット長,2024-02-27,,https://event.shoeisha.jp/mzday/20240227,https://event.shoeisha.jp/mzday/20240227/session/4935,OK
株式会社パルコ,手塚 千尋,宣伝部 部長,2024-02-27,,https://event.shoeisha.jp/mzday/20240227,https://event.shoeisha.jp/mzday/20240227/session/4935,OK
株式会社翔泳社,伊藤 桃子,MarkeZine編集部,2024-02-27,,https://event.shoeisha.jp/mzday/20240227,https://event.shoeisha.jp/mzday/20240227/session/4935,OK
富士フイルム株式会社,高井 隆一郎,イメージングソリューション事業部 コンシューマーイメージング グループ 統括マネージャー,2024-02-27,,https://event.shoeisha.jp/mzday/20240227,https://event.shoeisha.jp/mzday/20240227/session/4936,OK
株式会社I－ne,大菅 研登,ビューティーケア事業本部 本部長,2024-02-27,,https://event.shoeisha.jp/mzday/20240227,https://event.shoeisha.jp/mzday/20240227/session/4957,OK
積水ハウス株式会社,吉田 裕明,執行役員 プラットフォームハウス推進部長,2024-02-27,,https://event.shoeisha.jp/mzday/20240227,https://event.shoeisha.jp/mzday/20240227/session/4958,OK
株式会社ファミリーマート,出下 浩司,経営企画本部 経営企画部 Consumer Market Insight - Research Group Manager,2024-02-27,,https://event.shoeisha.jp/mzday/20240227,https://event.shoeisha.jp/mzday/20240227/session/4919,OK
株式会社ベネッセコーポレーション,早川 真理奈,社会人教育事業本部 営業マーケティング部,2024-02-27,,https://event.shoeisha.jp/mzday/20240227,https://event.shoeisha.jp/mzday/20240227/session/4941,OK
ディップ株式会社,寄藤 紀子,マーケティング統括部 ソーシャルメディア課 課長,2024-02-27,,https://event.shoeisha.jp/mzday/20240227,https://event.shoeisha.jp/mzday/20240227/session/4942,OK
株式会社GOKKO,中矢 啓樹,ビジネス部門統括 執行役員,2024-02-27,,https://event.shoeisha.jp/mzday/20240227,https://event.shoeisha.jp/mzday/20240227/session/4964,OK
Braze株式会社,紺野 賢,カスタマーサービス本部 カスタマーサクセスマネージャー,2024-02-27,,https://event.shoeisha.jp/mzday/20240227,https://event.shoeisha.jp/mzday/20240227/session/4907,OK
イオンモール株式会社,佐久間 達也,デジタル推進統括部 デジタルマーケティング部 部長,2024-02-27,,https://event.shoeisha.jp/mzday/20240227,https://event.shoeisha.jp/mzday/20240227/session/4907,OK
イオンモール株式会社,木村 鷹,デジタル推進統括部 デジタルマーケティング部 マネージャー,2024-02-27,,https://event.shoeisha.jp/mzday/20240227,https://event.shoeisha.jp/mzday/20240227/session/4907,OK
イオンモール株式会社,清水 瞳,デジタル推進統括部 デジタルマーケティング部 担当,2024-02-27,,https://event.shoeisha.jp/mzday/20240227,https://event.shoeisha.jp/mzday/20240227/session/4907,OK
株式会社シャノン,村尾 慶尚,マーケティング部 部長,2024-02-27,,https://event.shoeisha.jp/mzday/20240227,https://event.shoeisha.jp/mzday/20240227/session/4909,OK
株式会社シャノン,小湊 紗智乃,マーケティング部,2024-02-27,,https://event.shoeisha.jp/mzday/20240227,https://event.shoeisha.jp/mzday/20240227/session/4909,OK
株式会社大広,石橋 太朗,執行役員 デジタルビジネス本部長兼CDO,2024-02-27,,https://event.shoeisha.jp/mzday/20240227,https://event.shoeisha.jp/mzday/20240227/session/4911,OK
株式会社大広,久野 祐介,デジタルビジネス本部 デジタルビジネス局 基盤構築・データドリブンチーム チームリーダー,2024-02-27,,https://event.shoeisha.jp/mzday/20240227,https://event.shoeisha.jp/mzday/20240227/session/4911,OK
デジタル・アドバタイジング・コンソーシアム株式会社,小林 翔,プラットフォームストラテジー本部 メディアDX推進局,2024-02-27,,https://event.shoeisha.jp/mzday/20240227,https://event.shoeisha.jp/mzday/20240227/session/4911,OK
インキュデータ株式会社,松本 淳志,ソリューション本部 データソリューション部 データサイエンティスト,2024-02-27,,https://event.shoeisha.jp/mzday/20240227,https://event.shoeisha.jp/mzday/20240227/session/4915,OK
インキュデータ株式会社,柳下 亮平,ソリューション本部 データソリューション部 データサイエンティスト,2024-02-27,,https://event.shoeisha.jp/mzday/20240227,https://event.shoeisha.jp/mzday/20240227/session/4915,OK
株式会社Faber,月岡 克博,Company 執行役員/エグゼクティブマーケティングディレクター,2024-02-27,,https://event.shoeisha.jp/mzday/20240227,https://event.shoeisha.jp/mzday/20240227/session/4917,OK
株式会社EVERRISE,小木曽 正佳,執行役員CMO / プラットフォーム事業部 部長,2024-02-27,,https://event.shoeisha.jp/mzday/20240227,https://event.shoeisha.jp/mzday/20240227/session/4921,OK
Septeni Japan株式会社,甲斐 拓人,マーケティング戦略本部 メディア戦略推進部 部長,2024-02-27,,https://event.shoeisha.jp/mzday/20240227,https://event.shoeisha.jp/mzday/20240227/session/4908,OK
グーグル合同会社,生駒 千絵,プロダクトエキスパート ビデオソリューション,2024-02-27,,https://event.shoeisha.jp/mzday/20240227,https://event.shoeisha.jp/mzday/20240227/session/4908,OK
ゼロワングロース株式会社,廣崎 依久,"Director, Growth Strategy",2024-02-27,,https://event.shoeisha.jp/mzday/20240227,https://event.shoeisha.jp/mzday/20240227/session/4910,OK
ユミルリンク株式会社,五月女 翔,マーケティング部 マーケティング課,2024-02-27,,https://event.shoeisha.jp/mzday/20240227,https://event.shoeisha.jp/mzday/20240227/session/4912,OK
株式会社サイバーエージェント,木坂 良一,AmebaLife事業本部 ブランドパートナー局 セールスマネージャー,2024-02-27,,https://event.shoeisha.jp/mzday/20240227,https://event.shoeisha.jp/mzday/20240227/session/4912,OK
Appier Group株式会社,北村 伊弘,シニアマーケティングマネージャー,2024-02-27,,https://event.shoeisha.jp/mzday/20240227,https://event.shoeisha.jp/mzday/20240227/session/4916,OK
株式会社博報堂ＤＹホールディングス,木下 陽介,統合マーケティングプラットフォーム推進局 局長/テクノロジスト 兼 博報堂テクノロジーズ マーケティングDXセンター 副センター長 Creative technology lab beat リーダー,2024-02-27,,https://event.shoeisha.jp/mzday/20240227,https://event.shoeisha.jp/mzday/20240227/session/4918,OK
株式会社博報堂,内山 稜太,博報堂DXソリューションデザイン局 データストラテジスト,2024-02-27,,https://event.shoeisha.jp/mzday/20240227,https://event.shoeisha.jp/mzday/20240227/session/4918,OK
株式会社アイスリーデザイン,吉澤 和之,執行役員 セールス＆マーケティング部 部長 兼 xRコミュニケーションデザイン部 部長,2024-02-27,,https://event.shoeisha.jp/mzday/20240227,https://event.shoeisha.jp/mzday/20240227/session/4922,OK
LINEヤフー株式会社,田村 健,マーケティングソリューションカンパニー データソリューション プロダクトリード,2024-02-27,,https://event.shoeisha.jp/mzday/20240227,https://event.shoeisha.jp/mzday/20240227/session/4924,OK
コミューン株式会社,新山 恒平,インサイドセールス部部長,2024-02-27,,https://event.shoeisha.jp/mzday/20240227,https://event.shoeisha.jp/mzday/20240227/session/4931,OK
株式会社セールスフォース・ジャパン,髙木 真樹,DXビジネスコンサルティング部 リードビジネスコンサルタント,2024-02-27,,https://event.shoeisha.jp/mzday/20240227,https://event.shoeisha.jp/mzday/20240227/session/4933,OK
アイロボットジャパン合同会社,櫛田 康弘,ダイレクトビジネス部 ダイレクトオンライン・マネージャー,2024-02-27,,https://event.shoeisha.jp/mzday/20240227,https://event.shoeisha.jp/mzday/20240227/session/4937,OK
株式会社イルグルム,廣 遥馬,ダイレクトカスタマー事業統括部 統括部長,2024-02-27,,https://event.shoeisha.jp/mzday/20240227,https://event.shoeisha.jp/mzday/20240227/session/4939,OK
株式会社オーリーズ,宇賀田 徹,執行役員／COO,2024-02-27,,https://event.shoeisha.jp/mzday/20240227,https://event.shoeisha.jp/mzday/20240227/session/4943,OK
クアルトリクス合同会社,秋吉 範隆,シニアプリンシパルソリューションエンジニア,2024-02-27,,https://event.shoeisha.jp/mzday/20240227,https://event.shoeisha.jp/mzday/20240227/session/4945,OK
三井住友カード株式会社,金岡 駿一,マーケティング本部 データ戦略部 データビジネスグループ 部長代理 データビジネスプランナー,2024-02-27,,https://event.shoeisha.jp/mzday/20240227,https://event.shoeisha.jp/mzday/20240227/session/4930,OK
三井住友カード株式会社,中里見 慎一,マーケティング本部 データ戦略部 データビジネスグループ 部長代理 データアナリスト,2024-02-27,,https://event.shoeisha.jp/mzday/20240227,https://event.shoeisha.jp/mzday/20240227/session/4930,OK
Meltwater Japan株式会社,泉 聖,Meltwater Japan クライアントインサイトディレクター,2024-02-27,,https://event.shoeisha.jp/mzday/20240227,https://event.shoeisha.jp/mzday/20240227/session/4932,OK
Meltwater Japan株式会社,樋口 綾,Meltwater Japan イベントマーケティングマネジャー,2024-02-27,,https://event.shoeisha.jp/mzday/20240227,https://event.shoeisha.jp/mzday/20240227/session/4932,OK
株式会社ヴァリューズ,子安 亜紀子,執行役員,2024-02-27,,https://event.shoeisha.jp/mzday/20240227,https://event.shoeisha.jp/mzday/20240227/session/4934,OK
株式会社ヴァリューズ,劉 念念,事業企画局 グローバルリサーチ推進G リサーチャー,2024-02-27,,https://event.shoeisha.jp/mzday/20240227,https://event.shoeisha.jp/mzday/20240227/session/4934,OK
株式会社Sales,花田 海,Marker 新規事業開発部 部長,2024-02-27,,https://event.shoeisha.jp/mzday/20240227,https://event.shoeisha.jp/mzday/20240227/session/4938,OK
株式会社マイナビ,中西 舞,コンテンツメディア事業本部 営業推進部 部長 マーケティングプランナー,2024-02-27,,https://event.shoeisha.jp/mzday/20240227,https://event.shoeisha.jp/mzday/20240227/session/4940,OK
株式会社マイナビ,嶺岸 紗帆,コンテンツメディア事業本部 事業戦略推進統括本部 マーケティング戦略部 部長,2024-02-27,,https://event.shoeisha.jp/mzday/20240227,https://event.shoeisha.jp/mzday/20240227/session/4940,OK
株式会社データX,江波戸 水紀,Marketing Unit Manager,2024-02-27,,https://event.shoeisha.jp/mzday/20240227,https://event.shoeisha.jp/mzday/20240227/session/4944,OK
Contentsquare Japan合同会社,薩川 格広,マーケティング部 部長,2024-02-27,,https://event.shoeisha.jp/mzday/20240227,https://event.shoeisha.jp/mzday/20240227/session/4946,OK
Micoworks株式会社,架谷 尚,セールス統括本部 本部長 VP of Sales,2024-02-27,,https://event.shoeisha.jp/mzday/20240227,https://event.shoeisha.jp/mzday/20240227/session/4953,OK
note株式会社,徳力 基彦,noteプロデューサー／ブロガー,2024-02-27,,https://event.shoeisha.jp/mzday/20240227,https://event.shoeisha.jp/mzday/20240227/session/4955,OK
株式会社日立ソリューションズ,安部 寛之,スマートワークソリューション本部 リモートワークソリューション部 技師,2024-02-27,,https://event.shoeisha.jp/mzday/20240227,https://event.shoeisha.jp/mzday/20240227/session/4961,OK
REVISIO株式会社,東野 晃大,ビジネス本部 執行役員,2024-02-27,,https://event.shoeisha.jp/mzday/20240227,https://event.shoeisha.jp/mzday/20240227/session/4965,OK
株式会社フリークアウト,松野 将太郎,Demand Product Division 事業開発,2024-02-27,,https://event.shoeisha.jp/mzday/20240227,https://event.shoeisha.jp/mzday/20240227/session/4965,OK
株式会社イプサ,倉本 直志,ブランドディベロップメント部 ストラテジー＆コミュニケーションG グループマネージャー,2024-02-27,,https://event.shoeisha.jp/mzday/20240227,https://event.shoeisha.jp/mzday/20240227/session/4954,OK
株式会社ADKマーケティング・ソリューションズ,清家 直裕,執行役員 プラットフォームビジネス本部長,2024-02-27,,https://event.shoeisha.jp/mzday/20240227,https://event.shoeisha.jp/mzday/20240227/session/4960,OK
株式会社ビービット,藤井 保文,執行役員CCO / 東アジア営業責任者,2024-02-27,,https://event.shoeisha.jp/mzday/20240227,https://event.shoeisha.jp/mzday/20240227/session/4962,OK
株式会社ビービット,生田 啓,ソフトウェア事業本部 マーケティングソリューション セールス＆マーケティングマネジャー,2024-02-27,,https://event.shoeisha.jp/mzday/20240227,https://event.shoeisha.jp/mzday/20240227/session/4962,OK
株式会社visumo,前川 優人,カスタマーサクセスセクション セクションチーフ,2024-02-27,,https://event.shoeisha.jp/mzday/20240227,https://event.shoeisha.jp/mzday/20240227/session/4966,OK
株式会社マネーフォワード,成末 庸平,デジタルインボイス本部 副本部長,2023-09-05,,https://event.shoeisha.jp/mzday/20230905,https://event.shoeisha.jp/mzday/20230905/session/4569/,OK
日商エレクトロニクス株式会社,近藤 智基,エンタープライズ事業本部 ビジネス推進部 部長,2023-09-05,,https://event.shoeisha.jp/mzday/20230905,https://event.shoeisha.jp/mzday/20230905/session/4569/,OK
株式会社電通,高見 憲,CXプランニングセンター エンゲージメントデザイン1部長 チーフ・コミュニケーション・ディレクター 電通デザイアデザインメンバー,2023-09-05,,https://event.shoeisha.jp/mzday/20230905,https://event.shoeisha.jp/mzday/20230905/session/4598/,OK
きぬた歯科,きぬた 泰和,院長,2023-09-05,,https://event.shoeisha.jp/mzday/20230905,https://event.shoeisha.jp/mzday/20230905/session/4600/,OK
株式会社ロッテ,吉見 尚子,マーケティング本部 ブランド戦略部 チョコパイブランド課 主査,2023-09-05,,https://event.shoeisha.jp/mzday/20230905,https://event.shoeisha.jp/mzday/20230905/session/4541/,OK
日本コカ・コーラ株式会社,山腰 欣吾,マーケティング本部 止渇系無糖茶・機能性茶・紅茶事業部 部長,2023-09-05,,https://event.shoeisha.jp/mzday/20230905,https://event.shoeisha.jp/mzday/20230905/session/4541/,OK
旭化成株式会社,石川 栄一,デジタル共創本部 CXテクノロジー推進センター長,2023-09-05,,https://event.shoeisha.jp/mzday/20230905,https://event.shoeisha.jp/mzday/20230905/session/4542/,OK
旭化成ファーマ株式会社,桐山 泰明,医薬営業本部 デジタルマーケティングプロジェクト デジタルコミュニケーショングループ長,2023-09-05,,https://event.shoeisha.jp/mzday/20230905,https://event.shoeisha.jp/mzday/20230905/session/4542/,OK
株式会社マクロミル,三島 大輝,デジタルマーケティング本部 テクノロジー&デジタルプロダクツ部 パネルデータプランニンググループ マネジャー,2023-09-05,,https://event.shoeisha.jp/mzday/20230905,https://event.shoeisha.jp/mzday/20230905/session/4571/,OK
アサヒ飲料株式会社,高橋 賢,マーケティング本部 広域流通部 販売管理MDグループ,2023-09-05,,https://event.shoeisha.jp/mzday/20230905,https://event.shoeisha.jp/mzday/20230905/session/4571/,OK
アサヒ飲料株式会社,玉置 明日美,マーケティング本部 プロモーション戦略部 販促企画グループ,2023-09-05,,https://event.shoeisha.jp/mzday/20230905,https://event.shoeisha.jp/mzday/20230905/session/4571/,OK
株式会社アイスタイルリテール,田中 賢吾,店舗カンパニー 店舗マーケティング部 部長,2023-09-05,,https://event.shoeisha.jp/mzday/20230905,https://event.shoeisha.jp/mzday/20230905/session/4572/,OK
株式会社スタイリングライフ・ホールディングス,向原 勝也,プラザスタイルカンパニー マーケティング本部 販促宣伝部 販促宣伝課 課長,2023-09-05,,https://event.shoeisha.jp/mzday/20230905,https://event.shoeisha.jp/mzday/20230905/session/4572/,OK
株式会社翔泳社,齋藤 ゆう,MarkeZine編集部,2023-09-05,,https://event.shoeisha.jp/mzday/20230905,https://event.shoeisha.jp/mzday/20230905/session/4572/,OK
日本ハム株式会社,長田 昌之,加工事業本部 マーケティング統括部 ブランド戦略室兼マーケティング部 部長,2023-09-05,,https://event.shoeisha.jp/mzday/20230905,https://event.shoeisha.jp/mzday/20230905/session/4573/,OK
株式会社ビズパ,加藤 誠也,ビジネス推進部 マネージャー／広告ラボ 編集長,2023-09-05,,https://event.shoeisha.jp/mzday/20230905,https://event.shoeisha.jp/mzday/20230905/session/4573/,OK
ヤマハファインテック株式会社,長畑 渓心,FA事業部 FA営業部,2023-09-05,,https://event.shoeisha.jp/mzday/20230905,https://event.shoeisha.jp/mzday/20230905/session/4551/,OK
ヤマハ株式会社,金 成典,ブランド戦略本部 コーポレート・マーケティング部 CXマーケティンググループ アシスタントマネージャー,2023-09-05,,https://event.shoeisha.jp/mzday/20230905,https://event.shoeisha.jp/mzday/20230905/session/4551/,OK
株式会社翔泳社,伊藤 桃子,MarkeZine編集部,2023-09-05,,https://event.shoeisha.jp/mzday/20230905,https://event.shoeisha.jp/mzday/20230905/session/4551/,OK
KDDI株式会社,合澤 智子,ブランド・コミュニケーション本部 コミュニケーションデザイン部 部長,2023-09-05,,https://event.shoeisha.jp/mzday/20230905,https://event.shoeisha.jp/mzday/20230905/session/4552/,OK
KDDI株式会社,後舎 満,ブランド・コミュニケーション本部 コミュニケーションデザイン部 メディア企画グループ グループリーダー,2023-09-05,,https://event.shoeisha.jp/mzday/20230905,https://event.shoeisha.jp/mzday/20230905/session/4552/,OK
住友ゴム工業株式会社（ダンロップ）,平野 敦嗣,広報部 部長,2023-09-05,,https://event.shoeisha.jp/mzday/20230905,https://event.shoeisha.jp/mzday/20230905/session/4559/,OK
DAS株式会社,野村 肇,コンサルティング部門 事業責任者,2023-09-05,,https://event.shoeisha.jp/mzday/20230905,https://event.shoeisha.jp/mzday/20230905/session/4560/,OK
株式会社LayerX,松岡 遥歌,マーケティング・インサイドセールス部 マーケティングマネージャー,2023-09-05,,https://event.shoeisha.jp/mzday/20230905,https://event.shoeisha.jp/mzday/20230905/session/4560/,OK
株式会社LegalOn,山崎 千春,Technologies マーケティング ゼネラルマネージャー,2023-09-05,,https://event.shoeisha.jp/mzday/20230905,https://event.shoeisha.jp/mzday/20230905/session/4560/,OK
株式会社リクルート,会津 祥平,マーケティング室 ビューティー領域マーケティング部 ビューティーブランドマーケティングG グループマネージャー,2023-09-05,,https://event.shoeisha.jp/mzday/20230905,https://event.shoeisha.jp/mzday/20230905/session/4561/,OK
株式会社ペンシル,関 洋祐,D2C事業部 ゼネラルマネージャー,2023-09-05,,https://event.shoeisha.jp/mzday/20230905,https://event.shoeisha.jp/mzday/20230905/session/4590/,OK
株式会社ヤッホーブルーイング,佐藤 潤,よなよなピースラボUnit（CRM設計・CXデザイン） Unit Director,2023-09-05,,https://event.shoeisha.jp/mzday/20230905,https://event.shoeisha.jp/mzday/20230905/session/4590/,OK
株式会社生活総合サービス（ていねい通販）,戸田 良輝,経営管理部 リーダー／ブランド企画部 リーダー,2023-09-05,,https://event.shoeisha.jp/mzday/20230905,https://event.shoeisha.jp/mzday/20230905/session/4590/,OK
クラシエホールディングス株式会社,津田 聖一郎,経営企画室企画部 兼 CRAZY創造部 部長,2023-09-05,,https://event.shoeisha.jp/mzday/20230905,https://event.shoeisha.jp/mzday/20230905/session/4591/,OK
クラシエホールディングス株式会社,北原 裕子,経営企画室企画部 兼 CRAZY創造部 課長,2023-09-05,,https://event.shoeisha.jp/mzday/20230905,https://event.shoeisha.jp/mzday/20230905/session/4591/,OK
ディプロモード株式会社,西田 誠,部長 東レグループ 先端技術商品開発プロジェクト「MOONRAKERS（ムーンレイカーズ）」,2023-09-05,,https://event.shoeisha.jp/mzday/20230905,https://event.shoeisha.jp/mzday/20230905/session/4544/,OK
株式会社土屋鞄製造所（株式会社ハリズリーより出向）,北山 浩,顧客体験戦略室 室長 ホーム,2023-09-05,,https://event.shoeisha.jp/mzday/20230905,https://event.shoeisha.jp/mzday/20230905/session/4544/,OK
株式会社シャノン,村尾 慶尚,マーケティング部 部長,2023-09-05,,https://event.shoeisha.jp/mzday/20230905,https://event.shoeisha.jp/mzday/20230905/session/4547/,OK
株式会社シャノン,藤井 里名,マーケティング部,2023-09-05,,https://event.shoeisha.jp/mzday/20230905,https://event.shoeisha.jp/mzday/20230905/session/4547/,OK
THECOO株式会社,虻川 稜太,デジタルマーケティング事業本部 マーケティング部 部長,2023-09-05,,https://event.shoeisha.jp/mzday/20230905,https://event.shoeisha.jp/mzday/20230905/session/4562/,OK
ブライトコーブ株式会社,柏原 陽太,カスタマーサクセス統括マネージャー,2023-09-05,,https://event.shoeisha.jp/mzday/20230905,https://event.shoeisha.jp/mzday/20230905/session/4565/,OK
株式会社ドワンゴ,大野 学,ニコニコ事業本部 本部長,2023-09-05,,https://event.shoeisha.jp/mzday/20230905,https://event.shoeisha.jp/mzday/20230905/session/4545/,OK
株式会社ドワンゴ,瀧口 遼馬,企画営業部/営業,2023-09-05,,https://event.shoeisha.jp/mzday/20230905,https://event.shoeisha.jp/mzday/20230905/session/4545/,OK
株式会社セブン＆アイ・クリエイトリンク,野村 仁志,営業本部 運営管理部 マネジャー,2023-09-05,,https://event.shoeisha.jp/mzday/20230905,https://event.shoeisha.jp/mzday/20230905/session/4545/,OK
株式会社セブン＆アイ・クリエイトリンク,星野 浩一,営業本部 運営管理部,2023-09-05,,https://event.shoeisha.jp/mzday/20230905,https://event.shoeisha.jp/mzday/20230905/session/4545/,OK
株式会社FOR,筧 将英,YOU 執行役員CMO ストラテジックプランナー／クリエイティブストラテジスト,2023-09-05,,https://event.shoeisha.jp/mzday/20230905,https://event.shoeisha.jp/mzday/20230905/session/4545/,OK
株式会社ユナイテッドアローズ,三浦 充,デジタルマーケティング部,2023-09-05,,https://event.shoeisha.jp/mzday/20230905,https://event.shoeisha.jp/mzday/20230905/session/4554/,OK
Repro株式会社,岡野 宏輝,"Marketing Team, Team Manager",2023-09-05,,https://event.shoeisha.jp/mzday/20230905,https://event.shoeisha.jp/mzday/20230905/session/4554/,OK
コミューン株式会社,駒谷 徹,コミュニティストラテジー部 マネージャー,2023-09-05,,https://event.shoeisha.jp/mzday/20230905,https://event.shoeisha.jp/mzday/20230905/session/4557/,OK
株式会社シェーンコーポレーション,久保 慎太朗,営業支援部 マーケティング課 課長,2023-09-05,,https://event.shoeisha.jp/mzday/20230905,https://event.shoeisha.jp/mzday/20230905/session/4563/,OK
MIL株式会社,榎本 陽介,CFO/コーポレート部長/マーケティングマネジャー,2023-09-05,,https://event.shoeisha.jp/mzday/20230905,https://event.shoeisha.jp/mzday/20230905/session/4563/,OK
株式会社セールスフォース・ジャパン,髙木 真樹,DXビジネスコンサルティング部 リードビジネスコンサルタント,2023-09-05,,https://event.shoeisha.jp/mzday/20230905,https://event.shoeisha.jp/mzday/20230905/session/4546/,OK
Appier Group株式会社,木村 近義,エンタープライズソリューション シニアディレクター,2023-09-05,,https://event.shoeisha.jp/mzday/20230905,https://event.shoeisha.jp/mzday/20230905/session/4549/,OK
富士フイルムビジネスイノベーションジャパン株式会社,池田 歩,GC営業統括部 GC販売推進部 リーダー,2023-09-05,,https://event.shoeisha.jp/mzday/20230905,https://event.shoeisha.jp/mzday/20230905/session/4555/,OK
Micoworks株式会社,大里 紀雄,ビジネスマーケティング部 Director,2023-09-05,,https://event.shoeisha.jp/mzday/20230905,https://event.shoeisha.jp/mzday/20230905/session/4558/,OK
株式会社Faber,月岡 克博,Company 執行役員,2023-09-05,,https://event.shoeisha.jp/mzday/20230905,https://event.shoeisha.jp/mzday/20230905/session/4564/,OK
トリコ株式会社,若目田 萌子,カスタマーサクセス,2023-09-05,,https://event.shoeisha.jp/mzday/20230905,https://event.shoeisha.jp/mzday/20230905/session/4574/,OK
株式会社プレイド,島田 朝香,,2023-09-05,,https://event.shoeisha.jp/mzday/20230905,https://event.shoeisha.jp/mzday/20230905/session/4574/,OK
株式会社ホットリンク,鈴木 脩平,執行役員 アドテクノロジー事業・CNS事業担当,2023-09-05,,https://event.shoeisha.jp/mzday/20230905,https://event.shoeisha.jp/mzday/20230905/session/4577/,OK
株式会社プラスアルファ・コンサルティング,五十嵐 智洋,執行役員 見える化エンジン事業部長,2023-09-05,,https://event.shoeisha.jp/mzday/20230905,https://event.shoeisha.jp/mzday/20230905/session/4583/,OK
株式会社リチカ,菊池 智裕,マーケティング&セールス部 本部長,2023-09-05,,https://event.shoeisha.jp/mzday/20230905,https://event.shoeisha.jp/mzday/20230905/session/4586/,OK
adjust株式会社,大城 圭右,Account Executive,2023-09-05,,https://event.shoeisha.jp/mzday/20230905,https://event.shoeisha.jp/mzday/20230905/session/4578/,OK
株式会社DearOne,安田 一優,マーケティング部 ゼネラルマネージャー,2023-09-05,,https://event.shoeisha.jp/mzday/20230905,https://event.shoeisha.jp/mzday/20230905/session/4578/,OK
INTLOOP株式会社,廣瀬 明,メディアマーケティング本部 本部長,2023-09-05,,https://event.shoeisha.jp/mzday/20230905,https://event.shoeisha.jp/mzday/20230905/session/4584/,OK
株式会社MERY,平山 彩子,執行役員CCO / 統括編集長 / Z世代研究所所長,2023-09-05,,https://event.shoeisha.jp/mzday/20230905,https://event.shoeisha.jp/mzday/20230905/session/4587/,OK
株式会社ヴァリューズ,川西 里穂子,データマーケティング局 コンサルティングG マネジャー,2023-09-05,,https://event.shoeisha.jp/mzday/20230905,https://event.shoeisha.jp/mzday/20230905/session/4587/,OK
株式会社ヴァリューズ,笠井 星良,ソリューション局 インサイトアナリティクスG データアナリスト/Gen-Z調査隊,2023-09-05,,https://event.shoeisha.jp/mzday/20230905,https://event.shoeisha.jp/mzday/20230905/session/4587/,OK
株式会社ビービット,生田 啓,ソフトウェア事業本部 マーケティングソリューション セールス＆マーケティングマネジャー,2023-09-05,,https://event.shoeisha.jp/mzday/20230905,https://event.shoeisha.jp/mzday/20230905/session/4593/,OK
資生堂ジャパン株式会社,小暮 亮祐,エリクシール・アネッサ部 デジタルマーケティング戦略G ブランドマネージャー,2023-09-05,,https://event.shoeisha.jp/mzday/20230905,https://event.shoeisha.jp/mzday/20230905/session/4596/,OK
株式会社ブレインパッド,藤掛 真太郎,執行役員 コンシューマーインダストリー担当,2023-09-05,,https://event.shoeisha.jp/mzday/20230905,https://event.shoeisha.jp/mzday/20230905/session/4596/,OK
株式会社ブレインパッド,児玉 誠一郎,アナリティクスコンサルティング ユニット,2023-09-05,,https://event.shoeisha.jp/mzday/20230905,https://event.shoeisha.jp/mzday/20230905/session/4596/,OK
サンスター株式会社,浜辺 康平,デジタル戦略グループ グループ長,2023-09-05,,https://event.shoeisha.jp/mzday/20230905,https://event.shoeisha.jp/mzday/20230905/session/4576/,OK
インキュデータ株式会社,芦沢 桃子,ソリューション本部 マーケティングソリューション部,2023-09-05,,https://event.shoeisha.jp/mzday/20230905,https://event.shoeisha.jp/mzday/20230905/session/4576/,OK
チャットプラス株式会社,三浦 東平,Chief Sales Director,2023-09-05,,https://event.shoeisha.jp/mzday/20230905,https://event.shoeisha.jp/mzday/20230905/session/4579/,OK
株式会社トーチライト,小田野 敦,マーケティングセールス局 ソリューションセールス部 第三セールスチーム チームリーダー,2023-09-05,,https://event.shoeisha.jp/mzday/20230905,https://event.shoeisha.jp/mzday/20230905/session/4594/,OK
ゼビオコミュニケーションネットワークス株式会社,坂 紀子,マーケティング部 次長,2023-09-05,,https://event.shoeisha.jp/mzday/20230905,https://event.shoeisha.jp/mzday/20230905/session/4594/,OK
株式会社データX,福井 和典,マーケティング管掌執行役員,2023-09-05,,https://event.shoeisha.jp/mzday/20230905,https://event.shoeisha.jp/mzday/20230905/session/4597/,OK
日本マイクロソフト株式会社,有園 雄一,"Regional Vice President Japan, Microsoft Advertising",2023-03-08,,https://event.shoeisha.jp/mzday/20230308,https://event.shoeisha.jp/mzday/20230308/session/4280/,OK
Pinterest,成田 敬,Japan カントリーマネージャー,2023-03-08,,https://event.shoeisha.jp/mzday/20230308,https://event.shoeisha.jp/mzday/20230308/session/4280/,OK
アタラ合同会社,杉原 剛,CEO,2023-03-08,,https://event.shoeisha.jp/mzday/20230308,https://event.shoeisha.jp/mzday/20230308/session/4280/,OK
株式会社Henge,廣田 周作,CEO／Founder,2023-03-08,,https://event.shoeisha.jp/mzday/20230308,https://event.shoeisha.jp/mzday/20230308/session/4308/,OK
fermata株式会社,中村 寛子,CCO,2023-03-08,,https://event.shoeisha.jp/mzday/20230308,https://event.shoeisha.jp/mzday/20230308/session/4308/,OK
ほけんの窓口グループ株式会社,中島 哲嗣,マーケティング部 部長,2023-03-08,,https://event.shoeisha.jp/mzday/20230308,https://event.shoeisha.jp/mzday/20230308/session/4271/,OK
サイボウズ株式会社,山田 幸,ビジネスマーケティング本部 kintoneプロモーションG リーダー,2023-03-08,,https://event.shoeisha.jp/mzday/20230308,https://event.shoeisha.jp/mzday/20230308/session/4281/,OK
株式会社リクルート,市川 泰宏,マーケティング室 中途マーケティングユニット AirWORKマーケティンググループ グループマネージャー,2023-03-08,,https://event.shoeisha.jp/mzday/20230308,https://event.shoeisha.jp/mzday/20230308/session/4281/,OK
株式会社翔泳社,齋藤 ゆう,MarkeZine編集部,2023-03-08,,https://event.shoeisha.jp/mzday/20230308,https://event.shoeisha.jp/mzday/20230308/session/4281/,OK
MOON-X株式会社,長谷川 晋,Co-Founder CEO,2023-03-08,,https://event.shoeisha.jp/mzday/20230308,https://event.shoeisha.jp/mzday/20230308/session/4290/,OK
株式会社博報堂ＤＹメディアパートナーズ,森永 真弓,メディア環境研究所 上席研究員,2023-03-08,,https://event.shoeisha.jp/mzday/20230308,https://event.shoeisha.jp/mzday/20230308/session/4299/,OK
株式会社ツルハホールディングス,小橋 義浩,執行役員 経営戦略本部長 兼 情報システム本部長,2023-03-08,,https://event.shoeisha.jp/mzday/20230308,https://event.shoeisha.jp/mzday/20230308/session/4309/,OK
株式会社電通,天野 彬,電通メディアイノベーションラボ 主任研究員,2023-03-08,,https://event.shoeisha.jp/mzday/20230308,https://event.shoeisha.jp/mzday/20230308/session/4318/,OK
株式会社サンリオ,田口 歩,グローバル・デジタルマーケティング本部 CRM推進部 部長,2023-03-08,,https://event.shoeisha.jp/mzday/20230308,https://event.shoeisha.jp/mzday/20230308/session/4274/,OK
株式会社翔泳社,吉永 翠,MarkeZine編集部,2023-03-08,,https://event.shoeisha.jp/mzday/20230308,https://event.shoeisha.jp/mzday/20230308/session/4274/,OK
STORES 株式会社,山﨑 佑介,マーケティングディレクター,2023-03-08,,https://event.shoeisha.jp/mzday/20230308,https://event.shoeisha.jp/mzday/20230308/session/4284/,OK
Meta日本法人,中村 淳一,Facebook Japan マーケティングサイエンス ノースイーストアジア統括・執行役員,2023-03-08,,https://event.shoeisha.jp/mzday/20230308,https://event.shoeisha.jp/mzday/20230308/session/4293/,OK
株式会社博報堂ＤＹホールディングス,平沼 英翔,マーケティング・テクノロジー・センター テクノロジスト,2023-03-08,,https://event.shoeisha.jp/mzday/20230308,https://event.shoeisha.jp/mzday/20230308/session/4302/,OK
サッポロビール株式会社,土代 裕也,新規事業開拓室 マネージャー,2023-03-08,,https://event.shoeisha.jp/mzday/20230308,https://event.shoeisha.jp/mzday/20230308/session/4312/,OK
ロート製薬株式会社,星 亜香里,BÉLAIR LAB（ベレアラボ） 代表,2023-03-08,,https://event.shoeisha.jp/mzday/20230308,https://event.shoeisha.jp/mzday/20230308/session/4312/,OK
株式会社翔泳社,渡辺 佳奈,MarkeZine編集部,2023-03-08,,https://event.shoeisha.jp/mzday/20230308,https://event.shoeisha.jp/mzday/20230308/session/4312/,OK
貝印株式会社,齊藤 淳一,マーケティング本部 広報宣伝部 次長,2023-03-08,,https://event.shoeisha.jp/mzday/20230308,https://event.shoeisha.jp/mzday/20230308/session/4321/,OK
株式会社ヤッホーブルーイング,本田 敏也,データストラテジスト（戦略開発／コンセプト開発）／CXディレクター,2023-03-08,,https://event.shoeisha.jp/mzday/20230308,https://event.shoeisha.jp/mzday/20230308/session/4277/,OK
ウイングアーク１ｓｔ株式会社,野島 光太郎,メディア企画室 室長,2023-03-08,,https://event.shoeisha.jp/mzday/20230308,https://event.shoeisha.jp/mzday/20230308/session/4287/,OK
データマーケター,内野 明彦,,2023-03-08,,https://event.shoeisha.jp/mzday/20230308,https://event.shoeisha.jp/mzday/20230308/session/4296/,OK
株式会社アミューズ,鄭 在允,CS事業推進部 部長,2023-03-08,,https://event.shoeisha.jp/mzday/20230308,https://event.shoeisha.jp/mzday/20230308/session/4296/,OK
ミズノ株式会社,横山 加奈,ダイアモンドスポーツ事業部 デジタル戦略担当,2023-03-08,,https://event.shoeisha.jp/mzday/20230308,https://event.shoeisha.jp/mzday/20230308/session/4305/,OK
スペシャライズド・ジャパン合同会社,谷口 幸生,マーケティング シニアデジタルコマースマネージャー,2023-03-08,,https://event.shoeisha.jp/mzday/20230308,https://event.shoeisha.jp/mzday/20230308/session/4315/,OK
日本ロレアル株式会社,佐藤 秀和,タカミ事業部 CXマネージャー,2023-03-08,,https://event.shoeisha.jp/mzday/20230308,https://event.shoeisha.jp/mzday/20230308/session/4315/,OK
コニカミノルタ株式会社,宮木 俊明,プロダクションプリント事業部 マーケティング部 ビジネス開発グループ グループリーダー グロースワークス合同会社/Growth Works Inc. 代表/CEO 一般社団法人ビジネスモデルイノベーション協会（BMIA） 理事,2023-03-08,,https://event.shoeisha.jp/mzday/20230308,https://event.shoeisha.jp/mzday/20230308/session/4324/,OK
株式会社プレイド,冨里 晋平,KARTE Message 事業責任者,2023-03-08,,https://event.shoeisha.jp/mzday/20230308,https://event.shoeisha.jp/mzday/20230308/session/4272/,OK
チャットプラス株式会社,羽賀 孝行,営業部カスタマーサクセスチーム長,2023-03-08,,https://event.shoeisha.jp/mzday/20230308,https://event.shoeisha.jp/mzday/20230308/session/4273/,OK
株式会社セールスフォース・ジャパン,髙木 真樹,ビジネスオペレーション統括本部 DXビジネスコンサルティング部 リードビジネスコンサルタント,2023-03-08,,https://event.shoeisha.jp/mzday/20230308,https://event.shoeisha.jp/mzday/20230308/session/4275/,OK
Electronic,レーデン 魁,Arts 日本モバイルコミュニティエンゲージメントマネージャー,2023-03-08,,https://event.shoeisha.jp/mzday/20230308,https://event.shoeisha.jp/mzday/20230308/session/4278/,OK
THECOO株式会社,佐藤 昌信,デジタルマーケティング事業本部 インフルエンサー事業部 グループ マネージャー,2023-03-08,,https://event.shoeisha.jp/mzday/20230308,https://event.shoeisha.jp/mzday/20230308/session/4278/,OK
株式会社メディックス,岩本 光希,コンシューマーマーケティングユニット 第2営業部1グループ チーフアカウントプランナー,2023-03-08,,https://event.shoeisha.jp/mzday/20230308,https://event.shoeisha.jp/mzday/20230308/session/4279/,OK
三井住友カード株式会社,登坂 崇平,マーケティング本部 データ戦略部 戦略企画グループ,2023-03-08,,https://event.shoeisha.jp/mzday/20230308,https://event.shoeisha.jp/mzday/20230308/session/4282/,OK
株式会社イルグルム,廣 遥馬,アドエビス事業推進本部 副本部長 兼 ダイレクト部 部長,2023-03-08,,https://event.shoeisha.jp/mzday/20230308,https://event.shoeisha.jp/mzday/20230308/session/4285/,OK
株式会社シャノン,村尾 慶尚,マーケティング部 部長,2023-03-08,,https://event.shoeisha.jp/mzday/20230308,https://event.shoeisha.jp/mzday/20230308/session/4286/,OK
SATORI株式会社,徳井 ちひろ,マーケティング企画グループ グループ長,2023-03-08,,https://event.shoeisha.jp/mzday/20230308,https://event.shoeisha.jp/mzday/20230308/session/4288/,OK
ブックオフコーポレーション株式会社,安藤 冬樹,ネットサービス部 デザイングループ長,2023-03-08,,https://event.shoeisha.jp/mzday/20230308,https://event.shoeisha.jp/mzday/20230308/session/4289/,OK
株式会社ユーザーローカル,嶋田 彩野,コーポレートセールス カスタマーサクセスチーム シニアリーダー,2023-03-08,,https://event.shoeisha.jp/mzday/20230308,https://event.shoeisha.jp/mzday/20230308/session/4289/,OK
トレンダーズ株式会社,中谷 友里,MimiTV Div. マネージャー,2023-03-08,,https://event.shoeisha.jp/mzday/20230308,https://event.shoeisha.jp/mzday/20230308/session/4291/,OK
Meta,Sara Okuta,Mid Market Account Manager,2023-03-08,,https://event.shoeisha.jp/mzday/20230308,https://event.shoeisha.jp/mzday/20230308/session/4291/,OK
株式会社SUPER,飯尾 元,STUDIO 執行役員 CMO,2023-03-08,,https://event.shoeisha.jp/mzday/20230308,https://event.shoeisha.jp/mzday/20230308/session/4294/,OK
株式会社EVERRISE,小木曽 正佳,執行役員CMO / プラットフォーム事業部 部長,2023-03-08,,https://event.shoeisha.jp/mzday/20230308,https://event.shoeisha.jp/mzday/20230308/session/4298/,OK
株式会社ユーザベース,酒居 潤平,コーポレート執行役員 CMO 兼 NewsPicks Stage. 事業責任者,2023-03-08,,https://event.shoeisha.jp/mzday/20230308,https://event.shoeisha.jp/mzday/20230308/session/4300/,OK
LINE株式会社,永野 玲,AIカンパニー AI企画1 CLOVAアシスタントプロダクト企画チーム,2023-03-08,,https://event.shoeisha.jp/mzday/20230308,https://event.shoeisha.jp/mzday/20230308/session/4301/,OK
株式会社ヤプリ,神田 静麻,マーケティング部,2023-03-08,,https://event.shoeisha.jp/mzday/20230308,https://event.shoeisha.jp/mzday/20230308/session/4303/,OK
株式会社ヤプリ,中川 綾香,新規事業開発室 CRMグループ,2023-03-08,,https://event.shoeisha.jp/mzday/20230308,https://event.shoeisha.jp/mzday/20230308/session/4303/,OK
株式会社日経リサーチ,鈴木 真生,日経IDビジネス推進部 リサーチコンサルタント,2023-03-08,,https://event.shoeisha.jp/mzday/20230308,https://event.shoeisha.jp/mzday/20230308/session/4304/,OK
CCCMKホールディングス株式会社,荒木 裕次,メディアソリューションDivision アカウントマネジメント第二Unit ユニットリーダー,2023-03-08,,https://event.shoeisha.jp/mzday/20230308,https://event.shoeisha.jp/mzday/20230308/session/4306/,OK
株式会社博報堂,岩佐 数音,ブランド・イノベーションデザイン イノベーションプラニングディレクター/若者研究所研究員,2023-03-08,,https://event.shoeisha.jp/mzday/20230308,https://event.shoeisha.jp/mzday/20230308/session/4307/,OK
株式会社ヴァリューズ,岩村 大輝,データマーケティング局 シニアマネジャー,2023-03-08,,https://event.shoeisha.jp/mzday/20230308,https://event.shoeisha.jp/mzday/20230308/session/4307/,OK
株式会社ヴァリューズ,小幡 のぞみ,データマーケティング局 アシスタントマネジャー／マーケティングコンサルタント,2023-03-08,,https://event.shoeisha.jp/mzday/20230308,https://event.shoeisha.jp/mzday/20230308/session/4307/,OK
一般社団法人日本DX人材育成機構,田中 恒平,代表理事,2023-03-08,,https://event.shoeisha.jp/mzday/20230308,https://event.shoeisha.jp/mzday/20230308/session/4310/,OK
株式会社翔泳社,道上 飛翔,MarkeZine編集部 副編集長,2023-03-08,,https://event.shoeisha.jp/mzday/20230308,https://event.shoeisha.jp/mzday/20230308/session/4310/,OK
株式会社アイスタイル,奥家 沙枝子,顧客体験事業ユニット カスタマーエクスペリエンス本部 グロース推進部 APPグロースグループ マネージャー,2023-03-08,,https://event.shoeisha.jp/mzday/20230308,https://event.shoeisha.jp/mzday/20230308/session/4311/,OK
Braze株式会社,伴田 有香,プロダクト＆グロース本部 プロダクト＆カスタマーイネーブルメントスペシャリスト,2023-03-08,,https://event.shoeisha.jp/mzday/20230308,https://event.shoeisha.jp/mzday/20230308/session/4311/,OK
三菱ＵＦＪ信託銀行株式会社,森本 麻里絵,法人コンサルティング部 情報銀行推進室 調査役,2023-03-08,,https://event.shoeisha.jp/mzday/20230308,https://event.shoeisha.jp/mzday/20230308/session/4313/,OK
九州電力株式会社,矢野 有香,都市開発事業本部 不動産事業推進グループ,2023-03-08,,https://event.shoeisha.jp/mzday/20230308,https://event.shoeisha.jp/mzday/20230308/session/4313/,OK
株式会社エイトハンドレッド,村岡 洋輔,第1コンサルティング本部 シニアマネージャー,2023-03-08,,https://event.shoeisha.jp/mzday/20230308,https://event.shoeisha.jp/mzday/20230308/session/4313/,OK
株式会社ポーラ,中村 俊之,顧客戦略部 部長 / 日本アドバタイザーズ協会 デジタルマーケティング研究機構 代表幹事,2023-03-08,,https://event.shoeisha.jp/mzday/20230308,https://event.shoeisha.jp/mzday/20230308/session/4314/,OK
株式会社ブレインパッド,東 一成,プロダクトビジネス本部 本部長,2023-03-08,,https://event.shoeisha.jp/mzday/20230308,https://event.shoeisha.jp/mzday/20230308/session/4314/,OK
株式会社データX,福井 和典,マーケティング管掌執行役員,2023-03-08,,https://event.shoeisha.jp/mzday/20230308,https://event.shoeisha.jp/mzday/20230308/session/4316/,OK
株式会社TVer,古田 和俊,執行役員 広告事業本部長,2023-03-08,,https://event.shoeisha.jp/mzday/20230308,https://event.shoeisha.jp/mzday/20230308/session/4320/,OK
Septeni Japan株式会社,本間 崇司,マーケティング戦略本部 メディア/プラットフォーム領域担当 本部長,2023-03-08,,https://event.shoeisha.jp/mzday/20230308,https://event.shoeisha.jp/mzday/20230308/session/4320/,OK
株式会社博報堂,桑嶋 剛史,HAKUHODO EC+ ビジネスコンサルタント/ショッパーマーケティング事業局 イノベーションプラニングディレクター,2023-03-08,,https://event.shoeisha.jp/mzday/20230308,https://event.shoeisha.jp/mzday/20230308/session/4322/,OK
梅乃宿酒造株式会社,古澤 幸彦,マーケティング部 部長,2023-03-08,,https://event.shoeisha.jp/mzday/20230308,https://event.shoeisha.jp/mzday/20230308/session/4322/,OK
株式会社プリンシプル,村松 沙和子,解析チーム マネージャー,2023-03-08,,https://event.shoeisha.jp/mzday/20230308,https://event.shoeisha.jp/mzday/20230308/session/4323/,OK
インキュデータ株式会社,鈴木 一志,ソリューション本部 マーケティングソリューション部 / データマーケティング部 部長,2023-03-08,,https://event.shoeisha.jp/mzday/20230308,https://event.shoeisha.jp/mzday/20230308/session/4325/,OK
湯快リゾート株式会社,渡辺 啓介,セールス&マーケティング部 マーケティング課 セクションマネージャー,2023-03-08,,https://event.shoeisha.jp/mzday/20230308,https://event.shoeisha.jp/mzday/20230308/session/4325/,OK
株式会社マイナビ,鈴木 麻友,コンテンツメディア事業本部 若年層マーケティングプランナー マイナビキャリア甲子園 運営責任者,2023-03-08,,https://event.shoeisha.jp/mzday/20230308,https://event.shoeisha.jp/mzday/20230308/session/4326/,OK
株式会社マイナビ,鈴木 麻友,コンテンツメディア事業本部 若年層マーケティングプランナー マイナビキャリア甲子園 運営責任者,2023-03-08,,https://event.shoeisha.jp/mzday/20230308,https://event.shoeisha.jp/mzday/20230308/session/	4326/,OK
