company,name,dept_title,event_date,event_url,status
株式会社山田,佐藤 一郎,開発事業部 主任 登壇者略歴,2026-02-24,https://techplay.jp/event/992764,OK
,,,,https://techplay.jp/event/987572,登壇者情報なし
,,,,https://techplay.jp/event/992340,登壇者情報なし
,,,,https://techplay.jp/event/993217,登壇者情報なし
,,,,https://techplay.jp/event/993216,登壇者情報なし
,,,,https://techplay.jp/event/993218,登壇者情報なし
,,,,https://techplay.jp/event/993865,登壇者情報なし
,,,,https://techplay.jp/event/994165,登壇者情報なし
,,,,https://techplay.jp/event/994182,登壇者情報なし
,,,,https://techplay.jp/event/993347,登壇者情報なし
,,,,https://techplay.jp/event/994303,登壇者情報なし
,,,,https://techplay.jp/event/994556,登壇者情報なし
株式会社スタジオブロス,深野暁雄,,2026-06-11,https://techplay.jp/event/994654,OK
,,,,https://techplay.jp/event/995211,登壇者情報なし
,,,,https://techplay.jp/event/995359,登壇者情報なし
,,,,https://techplay.jp/event/995362,登壇者情報なし
,,,,https://techplay.jp/event/995370,登壇者情報なし
,,,,https://techplay.jp/event/995371,登壇者情報なし
,,,,https://techplay.jp/event/995374,登壇者情報なし
,,,,https://techplay.jp/event/995375,登壇者情報なし
,,,,https://techplay.jp/event/995377,登壇者情報なし
,,,,https://techplay.jp/event/995388,登壇者情報なし
株式会社GRI,古仙 純子,執行役員,2026-07-24,https://techplay.jp/event/995722,OK
株式会社GRI,栗栖 朗,データサイエンス事業部 ファシリテーター 梁田 真樹子,2026-07-24,https://techplay.jp/event/995722,OK
,,,,https://techplay.jp/event/995525,登壇者情報なし
株式会社WACUL,垣内 勇威,,2026-07-17,https://techplay.jp/event/995831,OK
,,,,https://techplay.jp/event/995849,登壇者情報なし
,,,,https://techplay.jp/event/995870,登壇者情報なし
,,,,https://techplay.jp/event/995380,登壇者情報なし
パーソルイノベーション株式会社,沢口 直哉,ビルスピ 研修プランナー 兼 講師,2026-09-05,https://techplay.jp/event/995995,OK
,,,,https://techplay.jp/event/996117,登壇者情報なし
,,,,https://techplay.jp/event/996228,登壇者情報なし
,,,,https://techplay.jp/event/996424,登壇者情報なし
,,,,https://techplay.jp/event/996272,登壇者情報なし
,,,,https://techplay.jp/event/996444,登壇者情報なし
,,,,https://techplay.jp/event/996161,登壇者情報なし
,,,,https://techplay.jp/event/996487,登壇者情報なし
,,,,https://techplay.jp/event/996613,登壇者情報なし
株式会社システムインテグレータ,高橋 明子,エンタープライズ営業本部 PS営業部 研修チーム マネージャー,2026-07-23,https://techplay.jp/event/996649,OK
,,,,https://techplay.jp/event/996658,登壇者情報なし
Ragate株式会社,主催,,2026-07-21,https://techplay.jp/event/996705,OK
,,,,https://techplay.jp/event/996734,登壇者情報なし
,,,,https://techplay.jp/event/996735,登壇者情報なし
,,,,https://techplay.jp/event/996766,登壇者情報なし
,,,,https://techplay.jp/event/996830,登壇者情報なし
,,,,https://techplay.jp/event/996781,登壇者情報なし
,,,,https://techplay.jp/event/996834,登壇者情報なし
,,,,https://techplay.jp/event/996839,登壇者情報なし
株式会社スタジオブロス,深野暁雄,,2026-07-06,https://techplay.jp/event/996857,OK
,,,,https://techplay.jp/event/996861,登壇者情報なし
,,,,https://techplay.jp/event/996877,登壇者情報なし
,,,,https://techplay.jp/event/996886,登壇者情報なし
,,,,https://techplay.jp/event/996889,登壇者情報なし
,,,,https://techplay.jp/event/996890,登壇者情報なし
,,,,https://techplay.jp/event/996891,登壇者情報なし
,,,,https://techplay.jp/event/996892,登壇者情報なし
株式会社Speee,小林 尚平,データサイエンティスト,2026-07-22,https://techplay.jp/event/996901,OK
,,,,https://techplay.jp/event/996932,登壇者情報なし
,,,,https://techplay.jp/event/996939,登壇者情報なし
,,,,https://techplay.jp/event/996953,登壇者情報なし
,,,,https://techplay.jp/event/996994,登壇者情報なし
,,,,https://techplay.jp/event/996978,登壇者情報なし
,,,,https://techplay.jp/event/997017,登壇者情報なし
,,,,https://techplay.jp/event/997041,登壇者情報なし
,,,,https://techplay.jp/event/997074,登壇者情報なし
,,,,https://techplay.jp/event/997084,登壇者情報なし
,,,,https://techplay.jp/event/997114,登壇者情報なし
,,,,https://techplay.jp/event/997119,登壇者情報なし
,,,,https://techplay.jp/event/997120,登壇者情報なし
,,,,https://techplay.jp/event/997121,登壇者情報なし
,,,,https://techplay.jp/event/997122,登壇者情報なし
,,,,https://techplay.jp/event/997128,登壇者情報なし
株式会社SUBARU,田村 悠一郎,ADAS開発部 兼 技術研究所 主査,2026-07-17,https://techplay.jp/event/997137,OK
株式会社SUBARU,宗形 敦樹,ADAS開発部 チームリーダー,2026-07-17,https://techplay.jp/event/997137,OK
株式会社SUBARU,金井 聡吾,ADAS開発部 兼 デジタルカー戦略PGM 主査,2026-07-17,https://techplay.jp/event/997137,OK
,,,,https://techplay.jp/event/997143,登壇者情報なし
,,,,https://techplay.jp/event/997154,登壇者情報なし
,,,,https://techplay.jp/event/997164,登壇者情報なし
,,,,https://techplay.jp/event/997171,登壇者情報なし
,,,,https://techplay.jp/event/997173,登壇者情報なし
,,,,https://techplay.jp/event/997174,登壇者情報なし
,,,,https://techplay.jp/event/997185,登壇者情報なし
,,,,https://techplay.jp/event/997194,登壇者情報なし
株式会社NTQコンサルティングジャパン,長島 憲治,DXマイグレーション部 部長 ベトナム文化交流会,2026-07-24,https://techplay.jp/event/997211,OK
,,,,https://techplay.jp/event/997201,登壇者情報なし
,,,,https://techplay.jp/event/997216,登壇者情報なし
,,,,https://techplay.jp/event/997219,登壇者情報なし
,,,,https://techplay.jp/event/997220,登壇者情報なし
,,,,https://techplay.jp/event/997221,登壇者情報なし
,,,,https://techplay.jp/event/997223,登壇者情報なし
,,,,https://techplay.jp/event/997239,登壇者情報なし
,,,,https://techplay.jp/event/997240,登壇者情報なし
,,,,https://techplay.jp/event/997242,登壇者情報なし
,,,,https://techplay.jp/event/997277,登壇者情報なし
,,,,https://techplay.jp/event/997279,登壇者情報なし
,,,,https://techplay.jp/event/997280,登壇者情報なし
,,,,https://techplay.jp/event/997281,登壇者情報なし
,,,,https://techplay.jp/event/997282,登壇者情報なし
,,,,https://techplay.jp/event/997283,登壇者情報なし
,,,,https://techplay.jp/event/997284,登壇者情報なし
,,,,https://techplay.jp/event/997288,登壇者情報なし
,,,,https://techplay.jp/event/997289,登壇者情報なし
,,,,https://techplay.jp/event/997290,登壇者情報なし
,,,,https://techplay.jp/event/997300,登壇者情報なし
,,,,https://techplay.jp/event/997315,登壇者情報なし
,,,,https://techplay.jp/event/997316,登壇者情報なし
,,,,https://techplay.jp/event/997318,登壇者情報なし
,,,,https://techplay.jp/event/997317,登壇者情報なし
,,,,https://techplay.jp/event/997329,登壇者情報なし
,,,,https://techplay.jp/event/997337,登壇者情報なし
株式会社Speee,藤井 慧里,AEOサービス本部,2026-07-21,https://techplay.jp/event/997351,OK
,,,,https://techplay.jp/event/997355,登壇者情報なし
,,,,https://techplay.jp/event/997358,登壇者情報なし
,,,,https://techplay.jp/event/997363,登壇者情報なし
,,,,https://techplay.jp/event/997364,登壇者情報なし
,,,,https://techplay.jp/event/997365,登壇者情報なし
,,,,https://techplay.jp/event/997368,登壇者情報なし
,,,,https://techplay.jp/event/997372,登壇者情報なし
,,,,https://techplay.jp/event/997374,登壇者情報なし
,,,,https://techplay.jp/event/997382,登壇者情報なし
,,,,https://techplay.jp/event/997380,登壇者情報なし
,,,,https://techplay.jp/event/997383,登壇者情報なし
,,,,https://techplay.jp/event/997400,登壇者情報なし
,,,,https://techplay.jp/event/997385,登壇者情報なし
,,,,https://techplay.jp/event/997407,登壇者情報なし
,,,,https://techplay.jp/event/997410,登壇者情報なし
,,,,https://techplay.jp/event/997417,登壇者情報なし
,,,,https://techplay.jp/event/997418,登壇者情報なし
,,,,https://techplay.jp/event/997425,登壇者情報なし
,,,,https://techplay.jp/event/997427,登壇者情報なし
,,,,https://techplay.jp/event/997438,登壇者情報なし
,,,,https://techplay.jp/event/997439,登壇者情報なし
,,,,https://techplay.jp/event/997440,登壇者情報なし
,,,,https://techplay.jp/event/997446,登壇者情報なし
,,,,https://techplay.jp/event/997458,登壇者情報なし
,,,,https://techplay.jp/event/997461,登壇者情報なし
,,,,https://techplay.jp/event/997463,登壇者情報なし
農業法人 株式会社GRA,山根 弘陽,観光部 副部長 兼 新規就農支援事業責任者,2026-07-30,https://techplay.jp/event/997465,OK
株式会社NTTデータ東北,佐々木 光宏,デジタルトランスフォーメーションオフィス 地方創生・CX変革担当部長,2026-07-30,https://techplay.jp/event/997465,OK
,,,,https://techplay.jp/event/997472,登壇者情報なし
,,,,https://techplay.jp/event/997474,登壇者情報なし
株式会社TECH,@y_sugai_m,PLAY-X TECH PLAY プロダクトマネージャー,2026-07-24,https://techplay.jp/event/997480,OK
,,,,https://techplay.jp/event/997481,登壇者情報なし
,,,,https://techplay.jp/event/997483,登壇者情報なし
,,,,https://techplay.jp/event/997484,登壇者情報なし
,,,,https://techplay.jp/event/997485,登壇者情報なし
,,,,https://techplay.jp/event/997486,登壇者情報なし
,,,,https://techplay.jp/event/997490,登壇者情報なし
,,,,https://techplay.jp/event/997509,登壇者情報なし
,,,,https://techplay.jp/event/997521,登壇者情報なし
,,,,https://techplay.jp/event/997530,登壇者情報なし
,,,,https://techplay.jp/event/997536,登壇者情報なし
,,,,https://techplay.jp/event/997534,登壇者情報なし
株式会社NTTデータ,岡本 智典,金融高度技術本部 基盤技術部 課長代理,2026-07-29,https://techplay.jp/event/997537,OK
株式会社NTTデータ,宇田川 圭一,金融高度技術本部 基盤技術部 テクニカルグレード,2026-07-29,https://techplay.jp/event/997537,OK
,,,,https://techplay.jp/event/997538,登壇者情報なし
,,,,https://techplay.jp/event/997539,登壇者情報なし
塩野義製薬株式会社,久末 敏博,DX推進本部 データサイエンス部 データエンジニアリング2グループ,2026-07-28,https://techplay.jp/event/997541,OK
株式会社マイナビ,三宅 玄晋,デジタルテクノロジー戦略本部 ビジネスイノベーション第2統括本部 ITディベロップメント統括部 ITディベロップメント1部 部長,2026-07-28,https://techplay.jp/event/997541,OK
野村證券株式会社,上田 敬介,コーポレートIT部 Vice President,2026-07-28,https://techplay.jp/event/997541,OK
,,,,https://techplay.jp/event/997544,登壇者情報なし
,,,,https://techplay.jp/event/997548,登壇者情報なし
,,,,https://techplay.jp/event/997552,登壇者情報なし
,,,,https://techplay.jp/event/997559,登壇者情報なし
,,,,https://techplay.jp/event/997560,登壇者情報なし
,,,,https://techplay.jp/event/997561,登壇者情報なし
,,,,https://techplay.jp/event/997562,登壇者情報なし
,,,,https://techplay.jp/event/997563,登壇者情報なし
,,,,https://techplay.jp/event/997572,登壇者情報なし
株式会社NTTデータグループ,@nakajimeeee,セキュリティアナリスト,2026-07-28,https://techplay.jp/event/997583,OK
ファインディ株式会社,📣主催・運営,IT/Webエンジニアの転職サービス「Findy」,2026-07-28,https://techplay.jp/event/997583,OK
,,,,https://techplay.jp/event/997591,登壇者情報なし
,,,,https://techplay.jp/event/997592,登壇者情報なし
,,,,https://techplay.jp/event/997593,登壇者情報なし
,,,,https://techplay.jp/event/997599,登壇者情報なし
,,,,https://techplay.jp/event/997601,登壇者情報なし
,,,,https://techplay.jp/event/997602,登壇者情報なし
,,,,https://techplay.jp/event/997604,登壇者情報なし
,,,,https://techplay.jp/event/997605,登壇者情報なし
,,,,https://techplay.jp/event/997606,登壇者情報なし
,,,,https://techplay.jp/event/997607,登壇者情報なし
,,,,https://techplay.jp/event/997608,登壇者情報なし
,,,,https://techplay.jp/event/997609,登壇者情報なし
,,,,https://techplay.jp/event/997613,登壇者情報なし
,,,,https://techplay.jp/event/997614,登壇者情報なし
,,,,https://techplay.jp/event/997616,登壇者情報なし
,,,,https://techplay.jp/event/997617,登壇者情報なし
,,,,https://techplay.jp/event/997618,登壇者情報なし
,,,,https://techplay.jp/event/997619,登壇者情報なし
,,,,https://techplay.jp/event/997624,登壇者情報なし
,,,,https://techplay.jp/event/997625,登壇者情報なし
,,,,https://techplay.jp/event/997626,登壇者情報なし
,,,,https://techplay.jp/event/997627,登壇者情報なし
,,,,https://techplay.jp/event/997629,登壇者情報なし
,,,,https://techplay.jp/event/997630,登壇者情報なし
,,,,https://techplay.jp/event/997632,登壇者情報なし
,,,,https://techplay.jp/event/997633,登壇者情報なし
,,,,https://techplay.jp/event/997634,登壇者情報なし
,,,,https://techplay.jp/event/997635,登壇者情報なし
,,,,https://techplay.jp/event/997638,登壇者情報なし
,,,,https://techplay.jp/event/997628,登壇者情報なし
,,,,https://techplay.jp/event/997645,登壇者情報なし
,,,,https://techplay.jp/event/997646,登壇者情報なし
,,,,https://techplay.jp/event/997649,登壇者情報なし
,,,,https://techplay.jp/event/997651,登壇者情報なし
,,,,https://techplay.jp/event/997652,登壇者情報なし
リーガルテック株式会社,会社名,設立 2021年3月,2026-07-28,https://techplay.jp/event/997654,OK
,,,,https://techplay.jp/event/997664,登壇者情報なし
株式会社プリンシプル,山本幹人,広告コンサルタント,2026-07-24,https://techplay.jp/event/997669,OK
株式会社プリンシプル,鈴木 夕加里,広告コンサルタント,2026-07-24,https://techplay.jp/event/997669,OK
株式会社プリンシプル,上山 亜里佳,広告・クリエイティブコンサルタント,2026-07-24,https://techplay.jp/event/997670,OK
,,,,https://techplay.jp/event/997671,登壇者情報なし
,,,,https://techplay.jp/event/997672,登壇者情報なし
,,,,https://techplay.jp/event/997686,登壇者情報なし
,,,,https://techplay.jp/event/997689,登壇者情報なし
,,,,https://techplay.jp/event/997691,登壇者情報なし
,,,,https://techplay.jp/event/997695,登壇者情報なし
,,,,https://techplay.jp/event/997690,登壇者情報なし
,,,,https://techplay.jp/event/997696,登壇者情報なし
,,,,https://techplay.jp/event/997707,登壇者情報なし
,,,,https://techplay.jp/event/997711,登壇者情報なし
,,,,https://techplay.jp/event/997708,登壇者情報なし
,,,,https://techplay.jp/event/997715,登壇者情報なし
,,,,https://techplay.jp/event/997714,登壇者情報なし
,,,,https://techplay.jp/event/997716,登壇者情報なし
,,,,https://techplay.jp/event/997717,登壇者情報なし
楽天インサイト株式会社,前川 法夫,リサーチ統括部,2026-07-21,https://techplay.jp/event/997720,OK
,,,,https://techplay.jp/event/997728,登壇者情報なし
株式会社dotD,TBD,大湯大河さん 12:20–12:35 TBD,2026-07-21,https://techplay.jp/event/997723,OK
株式会社dotD,大湯大河,アプリケーションエンジニア,2026-07-21,https://techplay.jp/event/997723,OK
Ubie株式会社,(@hinac0),,2026-07-21,https://techplay.jp/event/997723,OK
株式会社TOKIUM,西田 泰明,QAエンジニア,2026-07-21,https://techplay.jp/event/997723,OK
ファインディ株式会社,📣主催・運営,IT/Webエンジニアの転職サービス「Findy」,2026-07-21,https://techplay.jp/event/997723,OK
株式会社TECH,@y_sugai_m,PLAY-X TECH PLAY プロダクトマネージャー,2026-08-28,https://techplay.jp/event/997736,OK
トレンドマイクロ株式会社,大三川 彰彦,執行役員 TrendAIマーケティング本部 本部長 エバンジェリスト 福田 俊介 宮城県警が語る「サイバー犯罪の現状と対策」,2026-08-20,https://techplay.jp/event/997741,OK
トヨタ自動車東日本株式会社,佐藤 郁男,情報システム部ＩＴ統括・セキュリティＧ,2026-08-20,https://techplay.jp/event/997741,OK
トレンドマイクロ株式会社,庄司 玲,TrendAI ストラテジックイニシアティブ営業本部 本部長代理 トヨタビジネス統括 高津 光伯,2026-08-20,https://techplay.jp/event/997741,OK
,,,,https://techplay.jp/event/997745,登壇者情報なし
,,,,https://techplay.jp/event/997749,登壇者情報なし
,,,,https://techplay.jp/event/997746,登壇者情報なし
,,,,https://techplay.jp/event/997760,登壇者情報なし
,,,,https://techplay.jp/event/997761,登壇者情報なし
ストックマーク株式会社,片桐 大輝,Senior Project Manager,2026-07-28,https://techplay.jp/event/997763,OK
,,,,https://techplay.jp/event/997764,登壇者情報なし
,,,,https://techplay.jp/event/997766,登壇者情報なし
,,,,https://techplay.jp/event/997767,登壇者情報なし
,,,,https://techplay.jp/event/997768,登壇者情報なし
,,,,https://techplay.jp/event/997770,登壇者情報なし
,,,,https://techplay.jp/event/997771,登壇者情報なし
,,,,https://techplay.jp/event/997783,登壇者情報なし
,,,,https://techplay.jp/event/997772,登壇者情報なし
,,,,https://techplay.jp/event/997784,登壇者情報なし
,,,,https://techplay.jp/event/997785,登壇者情報なし
,,,,https://techplay.jp/event/997786,登壇者情報なし
,,,,https://techplay.jp/event/997788,登壇者情報なし
KDDIアイレット株式会社,廣田 慎太郎,クラウド・イノベーション本部/クラウドインテグレレーション事業部 プロジェクトマネジメントセクション/プロジェクトマネジメントグループB/グループリーダー,2026-07-23,https://techplay.jp/event/997789,OK
KDDIアイレット株式会社,上地 佑弥,クラウド・イノベーション本部/クラウドインテグレレーション事業部 プロジェクトマネジメントセクション/セクションリーダー,2026-07-23,https://techplay.jp/event/997789,OK
ファインディ株式会社,(@hiracky16),データソリューション マネージャー,2026-07-24,https://techplay.jp/event/997792,OK
ファインディ株式会社,📣主催・運営,IT/Webエンジニアの転職サービス「Findy」 :,2026-07-24,https://techplay.jp/event/997792,OK
,,,,https://techplay.jp/event/997793,登壇者情報なし
,,,,https://techplay.jp/event/997797,登壇者情報なし
,,,,https://techplay.jp/event/997804,登壇者情報なし
,,,,https://techplay.jp/event/997808,登壇者情報なし
XTX株式会社,石井良平,CEO これまでデータサイエンス系企業、社会人向けのデータサイエンススクール講師、,2026-07-19,https://techplay.jp/event/997815,OK
XTX株式会社,石井良平,CEO これまでデータサイエンス系企業、社会人向けのデータサイエンススクール講師、,2026-07-22,https://techplay.jp/event/997816,OK
XTX株式会社,石井良平,CEO これまでデータサイエンス系企業、社会人向けのデータサイエンススクール講師、,2026-07-23,https://techplay.jp/event/997817,OK
XTX株式会社,宮崎裕介,CTO,2026-07-23,https://techplay.jp/event/997817,OK
,,,,https://techplay.jp/event/997824,登壇者情報なし
,,,,https://techplay.jp/event/997839,登壇者情報なし
株式会社Fixstars,相澤 純平,Amplify アドバンストシニアエンジニア,2026-07-30,https://techplay.jp/event/997841,OK
株式会社Fixstars,源 勇気,Amplify シニアディレクター,2026-07-30,https://techplay.jp/event/997841,OK
,,,,https://techplay.jp/event/997842,登壇者情報なし
,,,,https://techplay.jp/event/997843,登壇者情報なし
,,,,https://techplay.jp/event/997844,登壇者情報なし
,,,,https://techplay.jp/event/997845,登壇者情報なし
,,,,https://techplay.jp/event/997850,登壇者情報なし
,,,,https://techplay.jp/event/997851,登壇者情報なし
,,,,https://techplay.jp/event/997856,登壇者情報なし
,,,,https://techplay.jp/event/997861,登壇者情報なし
,,,,https://techplay.jp/event/997862,登壇者情報なし
,,,,https://techplay.jp/event/997864,登壇者情報なし
,,,,https://techplay.jp/event/997865,登壇者情報なし
,,,,https://techplay.jp/event/997866,登壇者情報なし
,,,,https://techplay.jp/event/997867,登壇者情報なし
,,,,https://techplay.jp/event/997868,登壇者情報なし
株式会社キノトロープ,高橋 輝,執行役員 開発部部長 登壇者略歴 CMSを活用した大規模Webサイト構築から会員機能、検索機能などのスクラッチ開発を含む,2026-07-29,https://techplay.jp/event/997869,OK
,,,,https://techplay.jp/event/997872,登壇者情報なし
,,,,https://techplay.jp/event/997875,登壇者情報なし
,,,,https://techplay.jp/event/997878,登壇者情報なし
日本アイ・ビー・エムデジタルサービス株式会社,中島　大寿,執行役員 エンタープライズエコシステム事業部 事業部長,2026-09-04,https://techplay.jp/event/997883,OK
日本アイ・ビー・エムデジタルサービス株式会社,旦木　栄二,エンタープライズエコシステム事業部 コーポレートITソリューションズ 本部長,2026-09-04,https://techplay.jp/event/997883,OK
,,,,https://techplay.jp/event/997887,登壇者情報なし
,,,,https://techplay.jp/event/997881,登壇者情報なし
,,,,https://techplay.jp/event/997898,登壇者情報なし
,,,,https://techplay.jp/event/997888,登壇者情報なし
,,,,https://techplay.jp/event/997900,登壇者情報なし
株式会社LayerX,苅谷 直希,コーポレートエンジニアリング室,2026-07-31,https://techplay.jp/event/997906,OK
DXER株式会社,奥田 達貴,シスクル事業 ビジネス統括責任者,2026-07-31,https://techplay.jp/event/997906,OK
,,,,https://techplay.jp/event/997907,登壇者情報なし
,,,,https://techplay.jp/event/997918,登壇者情報なし
,,,,https://techplay.jp/event/997919,登壇者情報なし
,,,,https://techplay.jp/event/997920,登壇者情報なし
,,,,https://techplay.jp/event/997921,登壇者情報なし
,,,,https://techplay.jp/event/997922,登壇者情報なし
,,,,https://techplay.jp/event/997923,登壇者情報なし
,,,,https://techplay.jp/event/997924,登壇者情報なし
,,,,https://techplay.jp/event/997925,登壇者情報なし
,,,,https://techplay.jp/event/997926,登壇者情報なし
,,,,https://techplay.jp/event/997929,登壇者情報なし
,,,,https://techplay.jp/event/997928,登壇者情報なし
,,,,https://techplay.jp/event/997930,登壇者情報なし
,,,,https://techplay.jp/event/997931,登壇者情報なし
,,,,https://techplay.jp/event/997932,登壇者情報なし
,,,,https://techplay.jp/event/997933,登壇者情報なし
,,,,https://techplay.jp/event/997934,登壇者情報なし
,,,,https://techplay.jp/event/997936,登壇者情報なし
,,,,https://techplay.jp/event/997937,登壇者情報なし
,,,,https://techplay.jp/event/997938,登壇者情報なし
,,,,https://techplay.jp/event/997939,登壇者情報なし
,,,,https://techplay.jp/event/997940,登壇者情報なし
,,,,https://techplay.jp/event/997944,登壇者情報なし
,,,,https://techplay.jp/event/997948,登壇者情報なし
,,,,https://techplay.jp/event/997950,登壇者情報なし
,,,,https://techplay.jp/event/997951,登壇者情報なし
,,,,https://techplay.jp/event/997952,登壇者情報なし
,,,,https://techplay.jp/event/997953,登壇者情報なし
,,,,https://techplay.jp/event/997954,登壇者情報なし
,,,,https://techplay.jp/event/997958,登壇者情報なし
,,,,https://techplay.jp/event/997959,登壇者情報なし
,,,,https://techplay.jp/event/997962,登壇者情報なし
,,,,https://techplay.jp/event/997965,登壇者情報なし
,,,,https://techplay.jp/event/997969,登壇者情報なし
,,,,https://techplay.jp/event/997970,登壇者情報なし
(株式会社バリューエージェント,宇治田 伸吾,コンテンツSEOチーム) / 株式会社バリューエージェント コンテンツSEOチーム,2026-07-28,https://techplay.jp/event/997971,OK
運営：株式会社フォークウェル,（フォークウェル）,年収800万円以上のエンジニア転職なら Forkwell,2026-07-24,https://techplay.jp/event/997972,OK
,,,,https://techplay.jp/event/997976,登壇者情報なし
株式会社ヘンリー,@ryugen04,プロダクトエンジニア 菅井 祐太,2026-08-07,https://techplay.jp/event/997981,OK
株式会社TECH,@y_sugai_m,PLAY-X TECH PLAY プロダクトマネージャー,2026-08-07,https://techplay.jp/event/997981,OK
,,,,https://techplay.jp/event/997983,登壇者情報なし
,,,,https://techplay.jp/event/997984,登壇者情報なし
,,,,https://techplay.jp/event/997985,登壇者情報なし
,,,,https://techplay.jp/event/997986,登壇者情報なし
,,,,https://techplay.jp/event/997987,登壇者情報なし
,,,,https://techplay.jp/event/997988,登壇者情報なし
,,,,https://techplay.jp/event/997989,登壇者情報なし
,,,,https://techplay.jp/event/997990,登壇者情報なし
,,,,https://techplay.jp/event/997991,登壇者情報なし
,,,,https://techplay.jp/event/997992,登壇者情報なし
,,,,https://techplay.jp/event/997993,登壇者情報なし
,,,,https://techplay.jp/event/997994,登壇者情報なし
,,,,https://techplay.jp/event/997996,登壇者情報なし
運営：株式会社フォークウェル,（フォークウェル）,年収800万円以上のエンジニア転職なら Forkwell,2026-07-31,https://techplay.jp/event/998004,OK
運営：株式会社フォークウェル,（フォークウェル）,年収800万円以上のエンジニア転職なら Forkwell,2026-07-28,https://techplay.jp/event/998006,OK
,,,,https://techplay.jp/event/998007,登壇者情報なし
登壇者：細山武揚（ナイル株式会社,形式：オンライン,SEO・LLMOコンサルタント／LLMO推進プロジェクトリーダー） 費用：無料 イベントに参加する,2026-07-23,https://techplay.jp/event/998013,OK
,,,,https://techplay.jp/event/998015,登壇者情報なし
,,,,https://techplay.jp/event/998016,登壇者情報なし
,,,,https://techplay.jp/event/998017,登壇者情報なし
,,,,https://techplay.jp/event/998018,登壇者情報なし
,,,,https://techplay.jp/event/998019,登壇者情報なし
,,,,https://techplay.jp/event/998023,登壇者情報なし
,,,,https://techplay.jp/event/998026,登壇者情報なし
,,,,https://techplay.jp/event/998027,登壇者情報なし
,,,,https://techplay.jp/event/998028,登壇者情報なし
,,,,https://techplay.jp/event/998029,登壇者情報なし
,,,,https://techplay.jp/event/998031,登壇者情報なし
,,,,https://techplay.jp/event/998049,登壇者情報なし
,,,,https://techplay.jp/event/998054,登壇者情報なし
,,,,https://techplay.jp/event/998055,登壇者情報なし
,,,,https://techplay.jp/event/998056,登壇者情報なし
,,,,https://techplay.jp/event/998057,登壇者情報なし
,,,,https://techplay.jp/event/998059,登壇者情報なし
,,,,https://techplay.jp/event/998060,登壇者情報なし
,,,,https://techplay.jp/event/998061,登壇者情報なし
,,,,https://techplay.jp/event/998062,登壇者情報なし
,,,,https://techplay.jp/event/998067,登壇者情報なし
クリックテック・ジャパン株式会社,日下部 佑起,ソリューション技術部 ソリューションアーキテクト,2026-07-21,https://techplay.jp/event/998070,OK
,,,,https://techplay.jp/event/998071,登壇者情報なし
,,,,https://techplay.jp/event/998073,登壇者情報なし
,,,,https://techplay.jp/event/998074,登壇者情報なし
,,,,https://techplay.jp/event/998077,登壇者情報なし
KDDIアイレット株式会社,伊藤 大輝,サービスプラットフォーム事業部 アドバンストオペレーションセクション テクニカルサポートグループ グループリーダー,2026-08-27,https://techplay.jp/event/998079,OK
KDDIアイレット株式会社,佐藤 駿,サービスプラットフォーム事業部 アドバンストオペレーションセクション オブザーバビリティエンジニアリンググループ,2026-08-27,https://techplay.jp/event/998079,OK
,,,,https://techplay.jp/event/998080,登壇者情報なし
,,,,https://techplay.jp/event/998083,登壇者情報なし
株式会社フィックスターズ,八木 武尊,アドバンストシニアエンジニア,2026-08-04,https://techplay.jp/event/998084,OK
株式会社STYZ,」を開発・運営する,,2026-07-21,https://techplay.jp/event/998088,OK
,,,,https://techplay.jp/event/998089,登壇者情報なし
,,,,https://techplay.jp/event/998090,登壇者情報なし
,,,,https://techplay.jp/event/998091,登壇者情報なし
,,,,https://techplay.jp/event/998092,登壇者情報なし
,,,,https://techplay.jp/event/998093,登壇者情報なし
,,,,https://techplay.jp/event/998103,登壇者情報なし
,,,,https://techplay.jp/event/998094,登壇者情報なし
,,,,https://techplay.jp/event/998104,登壇者情報なし
,,,,https://techplay.jp/event/998105,登壇者情報なし
運営：株式会社フォークウェル,（フォークウェル）,年収800万円以上のエンジニア転職なら Forkwell,2026-07-30,https://techplay.jp/event/998106,OK
,,,,https://techplay.jp/event/998110,登壇者情報なし
,,,,https://techplay.jp/event/998111,登壇者情報なし
,,,,https://techplay.jp/event/998114,登壇者情報なし
,,,,https://techplay.jp/event/998115,登壇者情報なし
,,,,https://techplay.jp/event/998116,登壇者情報なし
,,,,https://techplay.jp/event/998117,登壇者情報なし
,,,,https://techplay.jp/event/998118,登壇者情報なし
,,,,https://techplay.jp/event/998120,登壇者情報なし
,,,,https://techplay.jp/event/998121,登壇者情報なし
,,,,https://techplay.jp/event/998122,登壇者情報なし
,,,,https://techplay.jp/event/998123,登壇者情報なし
,,,,https://techplay.jp/event/998124,登壇者情報なし
,,,,https://techplay.jp/event/998125,登壇者情報なし
,,,,https://techplay.jp/event/998128,登壇者情報なし
,,,,https://techplay.jp/event/998129,登壇者情報なし
,,,,https://techplay.jp/event/998130,登壇者情報なし
,,,,https://techplay.jp/event/998131,登壇者情報なし
,,,,https://techplay.jp/event/998133,登壇者情報なし
,,,,https://techplay.jp/event/998134,登壇者情報なし
,,,,https://techplay.jp/event/998135,登壇者情報なし
,,,,https://techplay.jp/event/998136,登壇者情報なし
,,,,https://techplay.jp/event/998137,登壇者情報なし
,,,,https://techplay.jp/event/998138,登壇者情報なし
,,,,https://techplay.jp/event/998142,登壇者情報なし
,,,,https://techplay.jp/event/998144,登壇者情報なし
,,,,https://techplay.jp/event/998145,登壇者情報なし
,,,,https://techplay.jp/event/998146,登壇者情報なし
,,,,https://techplay.jp/event/998147,登壇者情報なし
,,,,https://techplay.jp/event/998148,登壇者情報なし
,,,,https://techplay.jp/event/998150,登壇者情報なし
,,,,https://techplay.jp/event/998151,登壇者情報なし
,,,,https://techplay.jp/event/998152,登壇者情報なし
,,,,https://techplay.jp/event/998153,登壇者情報なし
,,,,https://techplay.jp/event/998157,登壇者情報なし
,,,,https://techplay.jp/event/998160,登壇者情報なし
,,,,https://techplay.jp/event/998161,登壇者情報なし
,,,,https://techplay.jp/event/998162,登壇者情報なし
,,,,https://techplay.jp/event/998163,登壇者情報なし
,,,,https://techplay.jp/event/998164,登壇者情報なし
,,,,https://techplay.jp/event/998165,登壇者情報なし
,,,,https://techplay.jp/event/998166,登壇者情報なし
,,,,https://techplay.jp/event/998167,登壇者情報なし
,,,,https://techplay.jp/event/998169,登壇者情報なし
,,,,https://techplay.jp/event/998175,登壇者情報なし
,,,,https://techplay.jp/event/998176,登壇者情報なし
,,,,https://techplay.jp/event/998177,登壇者情報なし
,,,,https://techplay.jp/event/998179,登壇者情報なし
,,,,https://techplay.jp/event/998181,登壇者情報なし
,,,,https://techplay.jp/event/998182,登壇者情報なし
,,,,https://techplay.jp/event/998183,登壇者情報なし
,,,,https://techplay.jp/event/998187,登壇者情報なし
,,,,https://techplay.jp/event/998194,登壇者情報なし
,,,,https://techplay.jp/event/998195,登壇者情報なし
上野 彰大さん（PharmaX株式会社）,TDB,,2026-07-29,https://techplay.jp/event/998196,OK
株式会社ZOZO,清水 悠揮,データ・AIシステム本部 データサイエンス部 コーディネートサイエンスブロック,2026-07-29,https://techplay.jp/event/998196,OK
PharmaX 株式会社,(@ueeeeniki),CTO,2026-07-29,https://techplay.jp/event/998196,OK
ファインディ株式会社,📢 主催・運営,開発ツールのレビューサイト「Findy Tools」：,2026-07-29,https://techplay.jp/event/998196,OK
クリックテック・ジャパン株式会社,中嶋　翔,ソリューション技術部 プリンシパルソリューションアーキテクト,2026-07-28,https://techplay.jp/event/998197,OK
,,,,https://techplay.jp/event/998201,登壇者情報なし
,,,,https://techplay.jp/event/998202,登壇者情報なし
,,,,https://techplay.jp/event/998203,登壇者情報なし
,,,,https://techplay.jp/event/998204,登壇者情報なし
株式会社モンスターラボ,加山 達也,Strategy&Design Vice Manager,2026-07-29,https://techplay.jp/event/998205,OK
株式会社モンスターラボ,小松谷 志乃,Strategy&Design Data Analyst,2026-07-29,https://techplay.jp/event/998205,OK
,,,,https://techplay.jp/event/998207,登壇者情報なし
株式会社東芝,爰島 快行,Nextビジネス開発部 GX事業推進室 デジタライズドインフラストラクチャー＆エネルギー事業開発部,2026-08-21,https://techplay.jp/event/998208,OK
株式会社東芝,谷山 賀浩,総合研究所 エネルギーシステムR＆Dセンター シニアフェロー,2026-08-21,https://techplay.jp/event/998208,OK
株式会社東芝,植野 研,総合研究所 AIデジタルR＆Dセンター システムAI研究部,2026-08-21,https://techplay.jp/event/998208,OK
,,,,https://techplay.jp/event/998209,登壇者情報なし
,,,,https://techplay.jp/event/998212,登壇者情報なし
,,,,https://techplay.jp/event/998213,登壇者情報なし
,,,,https://techplay.jp/event/998214,登壇者情報なし
株式会社スペースデータ,北澤 克樹,執行役員CTO,2026-08-04,https://techplay.jp/event/998215,OK
株式会社LayerX,大治 慶晃,FDE Enabler,2026-08-04,https://techplay.jp/event/998215,OK
ファインディ株式会社,石川 拓,エグゼクティブ領域専任担当,2026-08-04,https://techplay.jp/event/998215,OK
ファインディ株式会社,📣主催・運営,IT/Webエンジニアの転職サービス「Findy」,2026-08-04,https://techplay.jp/event/998215,OK
,,,,https://techplay.jp/event/998216,登壇者情報なし
KDDIアジャイル開発センター株式会社,(@MaekawaAo),ソフトウェアエンジニア,2026-08-04,https://techplay.jp/event/998217,OK
ファインディ株式会社,📣主催・運営,IT/Webエンジニアの転職サービス「Findy」,2026-08-04,https://techplay.jp/event/998217,OK
,,,,https://techplay.jp/event/998221,登壇者情報なし
,,,,https://techplay.jp/event/998222,登壇者情報なし
,,,,https://techplay.jp/event/998225,登壇者情報なし
,,,,https://techplay.jp/event/998226,登壇者情報なし
,,,,https://techplay.jp/event/998234,登壇者情報なし
,,,,https://techplay.jp/event/998236,登壇者情報なし
,,,,https://techplay.jp/event/998237,登壇者情報なし
,,,,https://techplay.jp/event/998238,登壇者情報なし
,,,,https://techplay.jp/event/998239,登壇者情報なし
,,,,https://techplay.jp/event/998247,登壇者情報なし
,,,,https://techplay.jp/event/998248,登壇者情報なし
,,,,https://techplay.jp/event/998251,登壇者情報なし
,,,,https://techplay.jp/event/998252,登壇者情報なし
,,,,https://techplay.jp/event/998265,登壇者情報なし
,,,,https://techplay.jp/event/998266,登壇者情報なし
,,,,https://techplay.jp/event/998267,登壇者情報なし
,,,,https://techplay.jp/event/998268,登壇者情報なし
,,,,https://techplay.jp/event/998269,登壇者情報なし
,,,,https://techplay.jp/event/998270,登壇者情報なし
,,,,https://techplay.jp/event/998271,登壇者情報なし
,,,,https://techplay.jp/event/998272,登壇者情報なし
,,,,https://techplay.jp/event/998274,登壇者情報なし
,,,,https://techplay.jp/event/998276,登壇者情報なし
,,,,https://techplay.jp/event/998281,登壇者情報なし
,,,,https://techplay.jp/event/998282,登壇者情報なし
,,,,https://techplay.jp/event/998283,登壇者情報なし
,,,,https://techplay.jp/event/998286,登壇者情報なし
,,,,https://techplay.jp/event/998289,登壇者情報なし
,,,,https://techplay.jp/event/998293,登壇者情報なし
野村インベスター・リレーションズ株式会社,濱　大洋,プロデューサー,2026-07-24,https://techplay.jp/event/998300,OK
,,,,https://techplay.jp/event/998301,登壇者情報なし
,,,,https://techplay.jp/event/998304,登壇者情報なし
,,,,https://techplay.jp/event/998305,登壇者情報なし
,,,,https://techplay.jp/event/998306,登壇者情報なし
,,,,https://techplay.jp/event/998307,登壇者情報なし
,,,,https://techplay.jp/event/998308,登壇者情報なし
,,,,https://techplay.jp/event/998309,登壇者情報なし
,,,,https://techplay.jp/event/998310,登壇者情報なし
,,,,https://techplay.jp/event/998314,登壇者情報なし
,,,,https://techplay.jp/event/998315,登壇者情報なし
,,,,https://techplay.jp/event/998317,登壇者情報なし
,,,,https://techplay.jp/event/998318,登壇者情報なし
,,,,https://techplay.jp/event/998319,登壇者情報なし
,,,,https://techplay.jp/event/998322,登壇者情報なし
,,,,https://techplay.jp/event/998328,登壇者情報なし
,,,,https://techplay.jp/event/998329,登壇者情報なし
Sansan株式会社,齊藤 拓己,技術本部 CTO室 AI Solution Developmentグループ,2026-07-29,https://techplay.jp/event/998331,OK
キャディ株式会社,竹本 健,Machine Learning Engineer https://x.com/tentekomako,2026-07-29,https://techplay.jp/event/998331,OK
,,,,https://techplay.jp/event/998333,登壇者情報なし
JFrog Japan 株式会社,本セミナーの狙い,内野 彰 （シニアマーケティングマネージャー）,2026-08-06,https://techplay.jp/event/998336,OK
JFrog Japan 株式会社,ガバナンスなのか,瀬戸 幹生 (テクニカルサクセスマネージャー）,2026-08-06,https://techplay.jp/event/998336,OK
JFrog Japan 株式会社,Q&A ・クロージング,西村 哲朗 (JFrog Japan マネージングディレクター),2026-08-06,https://techplay.jp/event/998336,OK
シニアマーケティングマネージャー·JFrog Japan株式会社,内野　彰,,2026-08-06,https://techplay.jp/event/998336,OK
テクニカルサクセスマネージャー·JFrog Japan株式会社,瀬戸　幹生,,2026-08-06,https://techplay.jp/event/998336,OK
シニアソリューションエンジニア·JFrog Japan株式会社,前田　友樹,,2026-08-06,https://techplay.jp/event/998336,OK
,,,,https://techplay.jp/event/998338,登壇者情報なし
,,,,https://techplay.jp/event/998343,登壇者情報なし
,,,,https://techplay.jp/event/998345,登壇者情報なし
,,,,https://techplay.jp/event/998348,登壇者情報なし
,,,,https://techplay.jp/event/998351,登壇者情報なし
,,,,https://techplay.jp/event/998356,登壇者情報なし
,,,,https://techplay.jp/event/998358,登壇者情報なし
,,,,https://techplay.jp/event/998361,登壇者情報なし
,,,,https://techplay.jp/event/998362,登壇者情報なし
,,,,https://techplay.jp/event/998363,登壇者情報なし
,,,,https://techplay.jp/event/998365,登壇者情報なし
株式会社Deflag,岩瀬 陽平,CRO,2026-07-17,https://techplay.jp/event/998366,OK
,,,,https://techplay.jp/event/998367,登壇者情報なし
商号 ：株式会社バイタリフィ（,■会社概要,https://vitalify.jp/ ）,2026-07-29,https://techplay.jp/event/998368,OK
株式会社バイタリフィ,■本件の問い合わせ先,担当：島貫 お問い合せ先：03-5428-6346 https://vitalify.jp/contact/,2026-07-29,https://techplay.jp/event/998368,OK
,,,,https://techplay.jp/event/998370,登壇者情報なし
,,,,https://techplay.jp/event/998371,登壇者情報なし
,,,,https://techplay.jp/event/998372,登壇者情報なし
,,,,https://techplay.jp/event/998373,登壇者情報なし
,,,,https://techplay.jp/event/998375,登壇者情報なし
,,,,https://techplay.jp/event/998376,登壇者情報なし
,,,,https://techplay.jp/event/998377,登壇者情報なし
,,,,https://techplay.jp/event/998378,登壇者情報なし
エクセルソフト株式会社,田淵 義人,| ソフトウェア事業部 | 新規事業開発室室長,2026-08-06,https://techplay.jp/event/998379,OK
リーガルテック株式会社,木本 大介,アドバイザー弁理士,2026-08-05,https://techplay.jp/event/998384,OK
リーガルテック株式会社,主催,https://www.legaltech.co.jp/ お申し込み,2026-08-05,https://techplay.jp/event/998384,OK
リーガルテック株式会社,会社名,設立 2021年3月,2026-08-05,https://techplay.jp/event/998384,OK
クリックテック・ジャパン株式会社,日下部 佑起,ソリューション技術部 ソリューションアーキテクト,2026-08-04,https://techplay.jp/event/998385,OK
,,,,https://techplay.jp/event/998386,登壇者情報なし
,,,,https://techplay.jp/event/998387,登壇者情報なし
,,,,https://techplay.jp/event/998390,登壇者情報なし
